Timestamp,c_id,energy,power,reactive_power,voltage,duration
2020-01-17 02:04:55+10:30,15,-95,-1.5833333333333333,6061,246.5,60
2020-01-17 02:05:55+10:30,15,-95,-1.5833333333333333,6031,246.7,60
2020-01-17 02:06:55+10:30,15,-94,-1.5666666666666669,6005,246.3,60
2020-01-17 01:30:55+10:30,15,-95,-1.5833333333333333,6065,248.1,60
2020-01-17 01:31:55+10:30,15,-96,-1.6,6113,248.0,60
2020-01-17 01:32:55+10:30,15,-94,-1.5666666666666669,6088,248.0,60
2020-01-17 01:33:55+10:30,15,-94,-1.5666666666666669,6101,248.1,60
2020-01-17 01:34:55+10:30,15,-95,-1.5833333333333333,6105,248.2,60
2020-01-17 01:35:55+10:30,15,-94,-1.5666666666666669,6108,248.6,60
2020-01-17 01:36:55+10:30,15,-95,-1.5833333333333333,6121,248.5,60
2020-01-17 16:30:55+10:30,15,200161,3336.016666666667,6456,251.8,60
2020-01-17 16:31:55+10:30,15,200026,3333.766666666667,6488,251.9,60
2020-01-17 16:32:55+10:30,15,199773,3329.55,6400,251.8,60
2020-01-17 16:33:55+10:30,15,199551,3325.85,6405,251.8,60
2020-01-17 16:34:55+10:30,15,198594,3309.9,6356,251.7,60
2020-01-17 16:35:55+10:30,15,197767,3296.116666666667,6335,251.3,60
2020-01-17 16:36:55+10:30,15,196814,3280.233333333333,6340,251.3,60
2020-01-17 16:37:55+10:30,15,195960,3266.0,6230,251.2,60
2020-01-17 05:30:55+10:30,15,-94,-1.5666666666666669,6170,250.1,60
2020-01-17 05:31:55+10:30,15,-93,-1.55,6176,247.6,60
2020-01-17 05:32:55+10:30,15,-95,-1.5833333333333333,6200,250.5,60
2020-01-17 05:33:55+10:30,15,-96,-1.6,6205,249.8,60
2020-01-17 05:35:55+10:30,15,-94,-1.5666666666666669,6153,249.2,60
2020-01-17 05:36:55+10:30,15,-93,-1.55,6135,249.1,60
2020-01-17 18:38:55+10:30,15,53198,886.6333333333333,1025,244.8,60
2020-01-17 18:39:55+10:30,15,49464,824.4,876,245.2,60
2020-01-17 18:40:55+10:30,15,49031,817.1833333333333,793,242.8,60
2020-01-17 18:41:55+10:30,15,42936,715.6,428,242.1,60
2020-01-17 06:22:55+10:30,15,-133,-2.216666666666667,1775,248.1,60
2020-01-17 18:42:55+10:30,15,35538,592.3,251,238.9,60
2020-01-17 18:43:55+10:30,15,38805,646.75,160,238.5,60
2020-01-17 06:23:55+10:30,15,-46,-0.7666666666666667,1873,248.2,60
2020-01-17 18:44:55+10:30,15,40590,676.5,238,238.9,60
2020-01-17 06:24:55+10:30,15,46,0.7666666666666667,1808,247.6,60
2020-01-17 18:45:55+10:30,15,36490,608.1666666666666,123,238.9,60
2020-01-17 18:46:55+10:30,15,29018,483.6333333333333,-145,238.3,60
2020-01-17 06:25:55+10:30,15,151,2.5166666666666666,1485,246.3,60
2020-01-17 18:47:55+10:30,15,24715,411.9166666666667,-310,238.3,60
2020-01-17 06:26:55+10:30,15,251,4.183333333333334,1180,246.7,60
2020-01-17 18:48:55+10:30,15,18880,314.6666666666667,-498,237.8,60
2020-01-17 06:27:55+10:30,15,354,5.9,975,246.7,60
2020-01-17 18:49:55+10:30,15,12431,207.1833333333333,-771,233.8,60
2020-01-17 06:28:55+10:30,15,452,7.533333333333333,771,246.5,60
2020-01-17 18:50:55+10:30,15,14489,241.4833333333333,-828,234.0,60
2020-01-17 18:51:55+10:30,15,17788,296.46666666666664,-881,229.7,60
2020-01-17 06:29:55+10:30,15,547,9.116666666666667,451,246.6,60
2020-01-17 18:52:55+10:30,15,13419,223.65,-953,227.4,60
2020-01-17 20:39:55+10:30,15,-609,-10.15,2316,240.8,60
2020-01-17 20:40:55+10:30,15,-648,-10.8,2743,240.4,60
2020-01-17 20:41:55+10:30,15,-687,-11.45,3191,239.4,60
2020-01-17 20:42:55+10:30,15,-720,-12.0,2978,240.0,60
2020-01-17 20:43:55+10:30,15,-745,-12.416666666666666,2980,240.8,60
2020-01-17 20:44:55+10:30,15,-782,-13.033333333333331,3220,238.7,60
2020-01-17 20:45:55+10:30,15,-816,-13.6,3065,236.7,60
2020-01-17 20:46:55+10:30,15,-828,-13.8,1966,236.4,60
2020-01-17 20:47:55+10:30,15,-805,-13.416666666666666,2311,236.0,60
2020-01-17 21:39:55+10:30,15,-111,-1.85,5866,246.0,60
2020-01-17 21:40:55+10:30,15,-94,-1.5666666666666669,5960,244.5,60
2020-01-17 20:48:55+10:30,15,-798,-13.3,3313,235.8,60
2020-01-17 20:49:55+10:30,15,-799,-13.316666666666666,3481,235.3,60
2020-01-17 20:50:55+10:30,15,-790,-13.166666666666666,3254,242.1,60
2020-01-17 20:51:55+10:30,15,-773,-12.883333333333333,3371,241.7,60
2020-01-17 20:52:55+10:30,15,-775,-12.916666666666666,3540,241.9,60
2020-01-17 20:53:55+10:30,15,-587,-9.783333333333331,4388,242.2,60
2020-01-17 05:07:55+10:30,15,-94,-1.5666666666666669,6148,248.8,60
2020-01-17 05:08:55+10:30,15,-94,-1.5666666666666669,6143,248.5,60
2020-01-17 05:09:55+10:30,15,-93,-1.55,6105,248.6,60
2020-01-17 05:10:55+10:30,15,-93,-1.55,6105,248.5,60
2020-01-17 05:11:55+10:30,15,-93,-1.55,6110,248.7,60
2020-01-17 05:12:55+10:30,15,-94,-1.5666666666666669,6141,248.6,60
2020-01-17 05:13:55+10:30,15,-95,-1.5833333333333333,6116,248.3,60
2020-01-17 05:14:55+10:30,15,-94,-1.5666666666666669,6075,248.2,60
2020-01-17 05:15:55+10:30,15,-94,-1.5666666666666669,6056,247.7,60
2020-01-17 04:22:55+10:30,15,-94,-1.5666666666666669,6208,250.3,60
2020-01-17 04:23:55+10:30,15,-94,-1.5666666666666669,6208,250.3,60
2020-01-17 04:24:55+10:30,15,-95,-1.5833333333333333,6205,250.2,60
2020-01-17 04:25:55+10:30,15,-95,-1.5833333333333333,6155,250.2,60
2020-01-17 04:26:55+10:30,15,-95,-1.5833333333333333,6201,249.8,60
2020-01-17 04:27:55+10:30,15,-95,-1.5833333333333333,6190,249.5,60
2020-01-17 04:28:55+10:30,15,-95,-1.5833333333333333,6186,249.8,60
2020-01-17 21:41:55+10:30,15,-93,-1.55,5893,244.5,60
2020-01-17 21:42:55+10:30,15,-92,-1.5333333333333334,5861,242.4,60
2020-01-17 21:43:55+10:30,15,-93,-1.55,5866,244.5,60
2020-01-17 21:44:55+10:30,15,-94,-1.5666666666666669,5931,244.8,60
2020-01-17 21:45:55+10:30,15,-94,-1.5666666666666669,5925,244.7,60
2020-01-17 21:46:55+10:30,15,-93,-1.55,5901,244.4,60
2020-01-17 21:47:55+10:30,15,-93,-1.55,5903,244.4,60
2020-01-17 21:48:55+10:30,15,-94,-1.5666666666666669,5941,245.1,60
2020-01-17 21:49:55+10:30,15,-94,-1.5666666666666669,5933,242.9,60
2020-01-17 21:50:55+10:30,15,-91,-1.5166666666666666,5781,239.9,60
2020-01-17 21:51:55+10:30,15,-93,-1.55,5888,244.8,60
2020-01-17 17:08:55+10:30,15,172179,2869.65,5308,249.9,60
2020-01-17 17:09:55+10:30,15,171254,2854.233333333333,5315,250.2,60
2020-01-17 17:10:55+10:30,15,170713,2845.2166666666667,5311,249.9,60
2020-01-17 17:11:55+10:30,15,169809,2830.15,5216,250.0,60
2020-01-17 17:12:55+10:30,15,168741,2812.35,5163,250.1,60
2020-01-17 17:13:55+10:30,15,168287,2804.7833333333333,5153,249.9,60
2020-01-17 17:14:55+10:30,15,167338,2788.9666666666667,5133,249.9,60
2020-01-17 17:15:55+10:30,15,166879,2781.3166666666666,5083,250.0,60
2020-01-17 00:22:55+10:30,15,-94,-1.5666666666666669,5910,244.3,60
2020-01-17 00:23:55+10:30,15,-94,-1.5666666666666669,5900,244.2,60
2020-01-17 00:24:55+10:30,15,-93,-1.55,5925,244.7,60
2020-01-17 00:25:55+10:30,15,-94,-1.5666666666666669,5866,243.4,60
2020-01-17 00:26:55+10:30,15,-93,-1.55,5866,243.3,60
2020-01-17 00:27:55+10:30,15,-94,-1.5666666666666669,5863,243.2,60
2020-01-17 00:28:55+10:30,15,-94,-1.5666666666666669,5855,242.7,60
2020-01-17 00:29:55+10:30,15,-95,-1.5833333333333333,5836,243.2,60
2020-01-17 10:23:55+10:30,15,192809,3213.483333333333,6283,252.7,60
2020-01-17 10:24:55+10:30,15,193543,3225.7166666666667,6216,253.3,60
2020-01-17 10:25:55+10:30,15,194187,3236.45,6255,253.5,60
2020-01-17 10:26:55+10:30,15,195011,3250.1833333333334,6360,249.9,60
2020-01-17 10:27:55+10:30,15,195829,3263.8166666666666,6306,253.3,60
2020-01-17 10:28:55+10:30,15,196923,3282.05,6398,253.4,60
2020-01-17 06:07:55+10:30,15,-81,-1.35,6116,247.8,60
2020-01-17 06:08:55+10:30,15,-76,-1.2666666666666666,6105,248.1,60
2020-01-17 06:09:55+10:30,15,-70,-1.1666666666666667,6130,248.9,60
2020-01-17 06:10:55+10:30,15,-69,-1.15,6146,248.9,60
2020-01-17 06:11:55+10:30,15,-57,-0.95,6146,248.7,60
2020-01-17 06:12:55+10:30,15,-48,-0.8,6138,248.5,60
2020-01-17 06:13:55+10:30,15,-47,-0.7833333333333333,6118,248.8,60
2020-01-17 06:14:55+10:30,15,-46,-0.7666666666666667,6126,249.1,60
2020-01-17 06:15:55+10:30,15,-229,-3.816666666666667,4121,248.5,60
2020-01-17 06:16:55+10:30,15,-238,-3.966666666666667,2200,248.5,60
2020-01-17 06:17:55+10:30,15,-205,-3.4166666666666665,1766,248.7,60
2020-01-17 06:18:55+10:30,15,-120,-2.0,1848,248.3,60
2020-01-17 06:19:55+10:30,15,-44,-0.7333333333333333,1511,247.6,60
2020-01-17 06:20:55+10:30,15,71,1.1833333333333331,1056,247.5,60
2020-01-17 06:21:55+10:30,15,53,0.8833333333333333,1113,247.8,60
2020-01-17 05:16:55+10:30,15,-95,-1.5833333333333333,6086,248.1,60
2020-01-17 05:17:55+10:30,15,-94,-1.5666666666666669,6090,247.4,60
2020-01-17 05:18:55+10:30,15,-94,-1.5666666666666669,6083,247.7,60
2020-01-17 05:19:55+10:30,15,-94,-1.5666666666666669,6085,247.7,60
2020-01-17 05:20:55+10:30,15,-94,-1.5666666666666669,6095,247.9,60
2020-01-17 05:21:55+10:30,15,-93,-1.55,6085,248.2,60
2020-01-17 04:30:55+10:30,15,-96,-1.6,6196,250.0,60
2020-01-17 04:31:55+10:30,15,-95,-1.5833333333333333,6201,250.1,60
2020-01-17 04:32:55+10:30,15,-94,-1.5666666666666669,6196,247.3,60
2020-01-17 15:10:55+10:30,15,220607,3676.783333333333,7066,251.7,60
2020-01-17 15:11:55+10:30,15,228911,3815.183333333333,7361,251.7,60
2020-01-17 15:12:55+10:30,15,228210,3803.5,7376,251.6,60
2020-01-17 15:13:55+10:30,15,233425,3890.4166666666665,7470,250.0,60
2020-01-17 15:14:55+10:30,15,238511,3975.183333333333,7391,248.4,60
2020-01-17 15:15:55+10:30,15,238593,3976.55,7361,247.7,60
2020-01-17 15:16:55+10:30,15,215858,3597.633333333333,6955,252.7,60
2020-01-17 15:17:55+10:30,15,215364,3589.4,6895,252.5,60
2020-01-17 15:18:55+10:30,15,216036,3600.6,6955,252.4,60
2020-01-17 15:19:55+10:30,15,216259,3604.3166666666666,6871,252.7,60
2020-01-17 15:20:55+10:30,15,214479,3574.65,6793,252.8,60
2020-01-17 15:21:55+10:30,15,214062,3567.7,6766,252.3,60
2020-01-17 15:22:55+10:30,15,216600,3610.0,6853,252.6,60
2020-01-17 04:29:55+10:30,15,-95,-1.5833333333333333,6188,250.0,60
2020-01-17 21:52:55+10:30,15,-93,-1.55,5710,239.9,60
2020-01-17 21:53:55+10:30,15,-91,-1.5166666666666666,5685,240.0,60
2020-01-17 17:16:55+10:30,15,166174,2769.5666666666666,5118,250.0,60
2020-01-17 17:17:55+10:30,15,164670,2744.5,5088,249.9,60
2020-01-17 17:18:55+10:30,15,163403,2723.383333333333,4985,246.8,60
2020-01-17 17:19:55+10:30,15,162591,2709.85,4916,249.7,60
2020-01-17 17:20:55+10:30,15,161602,2693.366666666667,4956,249.2,60
2020-01-17 17:21:55+10:30,15,160906,2681.766666666667,4928,249.6,60
2020-01-17 10:29:55+10:30,15,197692,3294.866666666667,6355,253.6,60
2020-01-17 19:51:55+10:30,15,5112,85.2,-760,237.7,60
2020-01-17 19:52:55+10:30,15,4926,82.1,-665,237.4,60
2020-01-17 19:54:55+10:30,15,4512,75.2,-866,237.8,60
2020-01-17 19:53:55+10:30,15,4832,80.53333333333333,-746,237.5,60
2020-01-17 19:50:55+10:30,15,5244,87.4,-898,241.1,60
2020-01-17 19:55:55+10:30,15,4233,70.55,-931,232.9,60
2020-01-17 19:56:55+10:30,15,3894,64.9,-1163,233.1,60
2020-01-17 19:57:55+10:30,15,3746,62.43333333333333,-1138,229.5,60
2020-01-17 19:58:55+10:30,15,3645,60.75,-1121,229.2,60
2020-01-17 19:59:55+10:30,15,2948,49.13333333333333,-1146,233.2,60
2020-01-17 20:00:55+10:30,15,2671,44.516666666666666,-1176,233.6,60
2020-01-17 20:01:55+10:30,15,2543,42.38333333333333,-1190,229.6,60
2020-01-17 20:02:55+10:30,15,2432,40.53333333333333,-1106,233.4,60
2020-01-17 20:03:55+10:30,15,2324,38.73333333333333,-1076,233.6,60
2020-01-17 20:04:55+10:30,15,2215,36.91666666666666,-1193,229.4,60
2020-01-17 20:05:55+10:30,15,2096,34.93333333333333,-1231,225.9,60
2020-01-17 20:06:55+10:30,15,1956,32.6,-1108,221.7,60
2020-01-17 20:07:55+10:30,15,1844,30.73333333333333,-1090,228.3,60
2020-01-17 20:08:55+10:30,15,1751,29.183333333333334,-1210,232.2,60
2020-01-17 04:34:55+10:30,15,-95,-1.5833333333333333,6210,250.2,60
2020-01-17 04:35:55+10:30,15,-95,-1.5833333333333333,6206,250.5,60
2020-01-17 04:36:55+10:30,15,-94,-1.5666666666666669,6218,250.5,60
2020-01-17 22:39:55+10:30,15,-97,-1.6166666666666667,5975,245.6,60
2020-01-17 22:40:55+10:30,15,-95,-1.5833333333333333,5963,245.4,60
2020-01-17 22:41:55+10:30,15,-97,-1.6166666666666667,5930,245.5,60
2020-01-17 22:42:55+10:30,15,-96,-1.6,5950,245.7,60
2020-01-17 22:43:55+10:30,15,-96,-1.6,5973,245.7,60
2020-01-17 22:44:55+10:30,15,-96,-1.6,5970,245.4,60
2020-01-17 17:22:55+10:30,15,159967,2666.116666666667,4855,249.3,60
2020-01-17 17:23:55+10:30,15,159208,2653.4666666666667,4798,249.1,60
2020-01-17 17:24:55+10:30,15,158518,2641.9666666666667,4776,248.9,60
2020-01-17 17:25:55+10:30,15,157933,2632.2166666666667,4785,249.4,60
2020-01-17 17:26:55+10:30,15,157366,2622.766666666667,4841,249.4,60
2020-01-17 17:27:55+10:30,15,156402,2606.7,4713,249.4,60
2020-01-17 17:28:55+10:30,15,155469,2591.15,4651,249.2,60
2020-01-17 17:29:55+10:30,15,154470,2574.5,4655,250.9,60
2020-01-17 08:23:55+10:30,15,70439,1173.9833333333331,1481,242.8,60
2020-01-17 08:24:55+10:30,15,71517,1191.95,1500,243.1,60
2020-01-17 08:25:55+10:30,15,72732,1212.2,1555,241.7,60
2020-01-17 08:26:55+10:30,15,73986,1233.1,1555,242.4,60
2020-01-17 08:27:55+10:30,15,75158,1252.6333333333334,1590,242.2,60
2020-01-17 08:28:55+10:30,15,76388,1273.1333333333334,1671,242.6,60
2020-01-17 08:29:55+10:30,15,77553,1292.55,1735,242.4,60
2020-01-17 19:23:55+10:30,15,10559,175.98333333333332,-446,244.2,60
2020-01-17 19:24:55+10:30,15,10460,174.33333333333334,-580,240.8,60
2020-01-17 19:25:55+10:30,15,9249,154.15,-681,236.7,60
2020-01-17 19:26:55+10:30,15,7637,127.28333333333332,-653,236.3,60
2020-01-17 19:27:55+10:30,15,7451,124.18333333333334,-751,240.6,60
2020-01-17 19:28:55+10:30,15,7358,122.63333333333334,-718,237.0,60
2020-01-17 19:29:55+10:30,15,7269,121.15,-665,236.6,60
2020-01-17 19:39:55+10:30,15,6195,103.25,-981,235.5,60
2020-01-17 19:40:55+10:30,15,6032,100.53333333333332,-795,239.6,60
2020-01-17 19:41:55+10:30,15,5855,97.58333333333331,-796,240.2,60
2020-01-17 19:42:55+10:30,15,5588,93.13333333333334,-951,234.9,60
2020-01-17 19:43:55+10:30,15,5728,95.46666666666668,-866,235.6,60
2020-01-17 19:44:55+10:30,15,5615,93.58333333333331,-793,239.4,60
2020-01-17 19:45:55+10:30,15,5523,92.05,-1066,235.8,60
2020-01-17 19:46:55+10:30,15,5515,91.91666666666669,-853,235.3,60
2020-01-17 19:47:55+10:30,15,5359,89.31666666666666,-773,235.3,60
2020-01-17 11:08:55+10:30,15,180805,3013.4166666666665,5898,253.5,60
2020-01-17 11:09:55+10:30,15,202731,3378.85,6651,253.9,60
2020-01-17 11:10:55+10:30,15,200904,3348.4,6598,253.7,60
2020-01-17 11:11:55+10:30,15,219877,3664.616666666667,7150,251.0,60
2020-01-17 11:12:55+10:30,15,224506,3741.766666666667,7291,251.4,60
2020-01-17 11:13:55+10:30,15,225256,3754.266666666667,7296,251.4,60
2020-01-17 11:14:55+10:30,15,225823,3763.716666666666,7455,251.2,60
2020-01-17 15:38:55+10:30,15,93976,1566.2666666666669,2471,247.3,60
2020-01-17 15:39:55+10:30,15,142104,2368.4,4171,249.8,60
2020-01-17 15:40:55+10:30,15,190207,3170.116666666667,5980,251.5,60
2020-01-17 15:41:55+10:30,15,223261,3721.016666666667,7173,252.1,60
2020-01-17 15:42:55+10:30,15,223490,3724.8333333333335,7215,251.7,60
2020-01-17 15:43:55+10:30,15,224663,3744.383333333333,7186,251.9,60
2020-01-17 15:44:55+10:30,15,223648,3727.466666666666,7259,252.0,60
2020-01-17 15:45:55+10:30,15,224660,3744.3333333333335,7271,252.0,60
2020-01-17 15:46:55+10:30,15,223411,3723.516666666667,7215,251.9,60
2020-01-17 15:47:55+10:30,15,223784,3729.733333333333,7253,251.5,60
2020-01-17 15:48:55+10:30,15,224552,3742.533333333333,7245,251.7,60
2020-01-17 15:49:55+10:30,15,224444,3740.733333333333,7206,249.3,60
2020-01-17 15:50:55+10:30,15,224328,3738.8,7171,251.3,60
2020-01-17 15:51:55+10:30,15,224187,3736.45,7234,251.3,60
2020-01-17 15:52:55+10:30,15,223435,3723.9166666666665,7184,251.7,60
2020-01-17 18:53:55+10:30,15,12152,202.53333333333333,-1006,230.9,60
2020-01-17 18:54:55+10:30,15,11837,197.28333333333333,-1000,232.6,60
2020-01-17 18:55:55+10:30,15,11657,194.28333333333333,-1025,229.0,60
2020-01-17 18:56:55+10:30,15,11363,189.38333333333333,-931,234.3,60
2020-01-17 18:57:55+10:30,15,11101,185.01666666666668,-971,233.9,60
2020-01-17 06:52:55+10:30,15,2870,47.833333333333336,-380,247.5,60
2020-01-17 06:53:55+10:30,15,3054,50.9,-323,247.4,60
2020-01-17 06:54:55+10:30,15,3876,64.6,-275,247.7,60
2020-01-17 06:55:55+10:30,15,4537,75.61666666666666,-216,247.7,60
2020-01-17 06:56:55+10:30,15,4762,79.36666666666666,-218,247.9,60
2020-01-17 06:57:55+10:30,15,4901,81.68333333333334,-215,247.9,60
2020-01-17 06:58:55+10:30,15,4871,81.18333333333334,-196,248.6,60
2020-01-17 06:59:55+10:30,15,4887,81.45,-229,248.7,60
2020-01-17 07:00:55+10:30,15,5273,87.88333333333334,-156,248.6,60
2020-01-17 07:01:55+10:30,15,5385,89.75,-156,248.7,60
2020-01-17 07:02:55+10:30,15,5560,92.66666666666669,-153,248.6,60
2020-01-17 07:03:55+10:30,15,5720,95.33333333333331,-146,245.6,60
2020-01-17 07:04:55+10:30,15,5881,98.01666666666668,-165,248.7,60
2020-01-17 07:05:55+10:30,15,5982,99.7,-143,248.5,60
2020-01-17 07:06:55+10:30,15,6124,102.06666666666666,-148,248.5,60
2020-01-17 13:30:55+10:30,15,176679,2944.65,5670,252.9,60
2020-01-17 13:31:55+10:30,15,201309,3355.15,6611,252.0,60
2020-01-17 13:32:55+10:30,15,200924,3348.733333333333,6621,254.4,60
2020-01-17 13:33:55+10:30,15,193252,3220.866666666667,6360,253.9,60
2020-01-17 13:34:55+10:30,15,195186,3253.1,6370,254.1,60
2020-01-17 13:35:55+10:30,15,197102,3285.0333333333333,6466,254.1,60
2020-01-17 13:36:55+10:30,15,197011,3283.516666666667,6513,253.9,60
2020-01-17 13:23:55+10:30,15,217696,3628.266666666667,7084,252.9,60
2020-01-17 13:24:55+10:30,15,125538,2092.3,6440,245.4,60
2020-01-17 13:25:55+10:30,15,-47,-0.7833333333333333,5908,245.7,60
2020-01-17 13:26:55+10:30,15,699,11.65,5650,247.7,60
2020-01-17 13:27:55+10:30,15,29867,497.78333333333336,360,248.7,60
2020-01-17 13:28:55+10:30,15,78327,1305.45,2036,250.6,60
2020-01-17 13:29:55+10:30,15,128279,2137.983333333333,3810,251.5,60
2020-01-17 22:45:55+10:30,15,-96,-1.6,5960,245.4,60
2020-01-17 22:46:55+10:30,15,-95,-1.5833333333333333,5948,245.4,60
2020-01-17 22:47:55+10:30,15,-95,-1.5833333333333333,5950,245.4,60
2020-01-17 22:48:55+10:30,15,-94,-1.5666666666666669,5765,239.6,60
2020-01-17 22:49:55+10:30,15,-96,-1.6,5780,241.7,60
2020-01-17 22:50:55+10:30,15,-98,-1.6333333333333333,5740,241.1,60
2020-01-17 22:51:55+10:30,15,-101,-1.6833333333333331,5681,240.2,60
2020-01-17 22:52:55+10:30,15,-105,-1.75,5743,241.0,60
2020-01-17 22:53:55+10:30,15,-106,-1.7666666666666666,5758,240.7,60
2020-01-17 09:38:55+10:30,15,153442,2557.366666666667,4756,251.5,60
2020-01-17 09:39:55+10:30,15,154408,2573.4666666666667,4825,251.0,60
2020-01-17 09:40:55+10:30,15,155367,2589.45,4865,251.2,60
2020-01-17 09:41:55+10:30,15,156622,2610.366666666667,4833,249.1,60
2020-01-17 09:42:55+10:30,15,157684,2628.0666666666666,4726,248.0,60
2020-01-17 09:43:55+10:30,15,158725,2645.4166666666665,4718,247.0,60
2020-01-17 09:44:55+10:30,15,159763,2662.7166666666667,4953,253.3,60
2020-01-17 09:45:55+10:30,15,160956,2682.6,5136,253.5,60
2020-01-17 09:46:55+10:30,15,161531,2692.1833333333334,5121,250.3,60
2020-01-17 09:47:55+10:30,15,163069,2717.8166666666666,5205,253.3,60
2020-01-17 11:15:55+10:30,15,225788,3763.133333333333,7218,251.1,60
2020-01-17 11:16:55+10:30,15,225968,3766.133333333333,7655,251.5,60
2020-01-17 11:17:55+10:30,15,226456,3774.266666666667,7380,251.2,60
2020-01-17 11:18:55+10:30,15,226727,3778.783333333333,7295,251.0,60
2020-01-17 11:19:55+10:30,15,227439,3790.65,7509,250.9,60
2020-01-17 11:20:55+10:30,15,227765,3796.0833333333335,7663,251.2,60
2020-01-17 11:21:55+10:30,15,228712,3811.866666666667,7405,251.3,60
2020-01-17 11:22:55+10:30,15,228858,3814.3,7686,250.8,60
2020-01-17 01:37:55+10:30,15,-95,-1.5833333333333333,6098,248.6,60
2020-01-17 01:38:55+10:30,15,-96,-1.6,6146,249.1,60
2020-01-17 01:39:55+10:30,15,-95,-1.5833333333333333,6155,249.0,60
2020-01-17 01:40:55+10:30,15,-95,-1.5833333333333333,6145,248.8,60
2020-01-17 01:41:55+10:30,15,-96,-1.6,6148,248.9,60
2020-01-17 01:42:55+10:30,15,-96,-1.6,6150,249.3,60
2020-01-17 01:43:55+10:30,15,-95,-1.5833333333333333,6143,249.2,60
2020-01-17 01:44:55+10:30,15,-96,-1.6,6136,248.9,60
2020-01-17 01:45:55+10:30,15,-96,-1.6,6148,249.0,60
2020-01-17 01:46:55+10:30,15,-95,-1.5833333333333333,6123,248.7,60
2020-01-17 01:47:55+10:30,15,-95,-1.5833333333333333,6141,248.8,60
2020-01-17 01:48:55+10:30,15,-95,-1.5833333333333333,6135,248.5,60
2020-01-17 01:49:55+10:30,15,-95,-1.5833333333333333,6143,248.9,60
2020-01-17 01:50:55+10:30,15,-96,-1.6,6143,248.9,60
2020-01-17 01:51:55+10:30,15,-96,-1.6,6146,248.8,60
2020-01-17 18:08:55+10:30,15,113880,1898.0,3091,246.5,60
2020-01-17 18:09:55+10:30,15,108739,1812.3166666666664,2961,246.5,60
2020-01-17 18:10:55+10:30,15,106379,1772.9833333333331,2843,245.7,60
2020-01-17 18:11:55+10:30,15,106880,1781.3333333333333,2780,244.7,60
2020-01-17 18:12:55+10:30,15,105481,1758.0166666666669,2733,244.4,60
2020-01-17 18:13:55+10:30,15,101645,1694.0833333333333,2586,242.3,60
2020-01-17 18:14:55+10:30,15,99290,1654.8333333333333,2225,238.8,60
2020-01-17 18:15:55+10:30,15,98370,1639.5,2191,239.4,60
2020-01-17 18:16:55+10:30,15,97587,1626.45,2236,240.7,60
2020-01-17 18:17:55+10:30,15,96196,1603.2666666666669,2218,241.1,60
2020-01-17 18:18:55+10:30,15,91220,1520.3333333333333,2126,241.3,60
2020-01-17 18:19:55+10:30,15,77782,1296.3666666666666,1643,240.9,60
2020-01-17 18:20:55+10:30,15,82623,1377.05,1743,241.5,60
2020-01-17 18:21:55+10:30,15,87956,1465.9333333333334,1981,242.3,60
2020-01-17 18:22:55+10:30,15,81283,1354.7166666666667,1813,239.5,60
2020-01-17 12:38:55+10:30,15,221625,3693.75,7320,252.1,60
2020-01-17 12:39:55+10:30,15,223006,3716.766666666667,7209,252.1,60
2020-01-17 12:40:55+10:30,15,219506,3658.433333333333,7153,252.2,60
2020-01-17 12:41:55+10:30,15,220653,3677.55,7163,252.3,60
2020-01-17 12:42:55+10:30,15,221302,3688.366666666667,7241,251.9,60
2020-01-17 12:43:55+10:30,15,221872,3697.866666666667,7170,252.2,60
2020-01-17 12:44:55+10:30,15,222216,3703.6,7158,252.1,60
2020-01-17 11:38:55+10:30,15,225496,3758.266666666667,7509,252.1,60
2020-01-17 11:39:55+10:30,15,221587,3693.116666666667,7556,251.9,60
2020-01-17 11:40:55+10:30,15,224766,3746.1,7823,252.2,60
2020-01-17 11:41:55+10:30,15,222889,3714.8166666666666,7491,251.7,60
2020-01-17 11:42:55+10:30,15,229369,3822.8166666666666,7631,251.3,60
2020-01-17 11:43:55+10:30,15,236657,3944.283333333333,8156,250.1,60
2020-01-17 11:44:55+10:30,15,236899,3948.3166666666666,8293,251.3,60
2020-01-17 11:45:55+10:30,15,237801,3963.35,8109,250.4,60
2020-01-17 11:46:55+10:30,15,241418,4023.633333333333,7653,248.5,60
2020-01-17 16:38:55+10:30,15,195047,3250.7833333333333,6231,251.3,60
2020-01-17 16:39:55+10:30,15,194984,3249.733333333333,6236,251.2,60
2020-01-17 16:40:55+10:30,15,194403,3240.05,6186,251.2,60
2020-01-17 16:41:55+10:30,15,193814,3230.233333333333,6126,251.0,60
2020-01-17 16:42:55+10:30,15,192959,3215.983333333333,6078,252.6,60
2020-01-17 16:43:55+10:30,15,192016,3200.266666666667,6155,252.2,60
2020-01-17 16:44:55+10:30,15,191299,3188.3166666666666,6025,252.0,60
2020-01-17 16:45:55+10:30,15,190954,3182.5666666666666,6065,252.1,60
2020-01-17 16:46:55+10:30,15,190183,3169.7166666666667,6073,252.4,60
2020-01-17 16:47:55+10:30,15,189618,3160.3,6178,252.4,60
2020-01-17 16:48:55+10:30,15,189099,3151.65,6051,251.9,60
2020-01-17 16:49:55+10:30,15,187933,3132.2166666666667,5980,251.8,60
2020-01-17 16:50:55+10:30,15,187167,3119.45,5943,251.9,60
2020-01-17 16:51:55+10:30,15,186422,3107.0333333333333,5893,252.3,60
2020-01-17 16:52:55+10:30,15,185930,3098.833333333333,5920,252.4,60
2020-01-17 13:37:55+10:30,15,156129,2602.15,6311,248.1,60
2020-01-17 18:58:55+10:30,15,11248,187.46666666666667,-790,238.9,60
2020-01-17 18:59:55+10:30,15,13104,218.4,-633,242.9,60
2020-01-17 19:00:55+10:30,15,13790,229.8333333333333,-368,243.3,60
2020-01-17 19:01:55+10:30,15,13649,227.4833333333333,-336,243.5,60
2020-01-17 19:02:55+10:30,15,13521,225.35,-396,243.4,60
2020-01-17 19:03:55+10:30,15,13374,222.9,-495,238.3,60
2020-01-17 19:04:55+10:30,15,13165,219.41666666666663,-468,242.5,60
2020-01-17 19:05:55+10:30,15,13091,218.1833333333333,-503,242.5,60
2020-01-17 19:06:55+10:30,15,12940,215.66666666666663,-538,242.3,60
2020-01-17 19:07:55+10:30,15,12775,212.91666666666663,-513,239.6,60
2020-01-17 03:37:55+10:30,15,-95,-1.5833333333333333,6123,249.1,60
2020-01-17 03:39:55+10:30,15,-95,-1.5833333333333333,6166,249.6,60
2020-01-17 03:40:55+10:30,15,-95,-1.5833333333333333,6161,249.6,60
2020-01-17 03:41:55+10:30,15,-94,-1.5666666666666669,6158,249.2,60
2020-01-17 03:42:55+10:30,15,-95,-1.5833333333333333,6166,249.4,60
2020-01-17 03:43:55+10:30,15,-94,-1.5666666666666669,6175,246.9,60
2020-01-17 03:44:55+10:30,15,-95,-1.5833333333333333,6166,249.5,60
2020-01-17 03:45:55+10:30,15,-95,-1.5833333333333333,6178,249.3,60
2020-01-17 03:46:55+10:30,15,-95,-1.5833333333333333,6181,249.4,60
2020-01-17 03:47:55+10:30,15,-95,-1.5833333333333333,6153,249.4,60
2020-01-17 03:48:55+10:30,15,-95,-1.5833333333333333,6150,249.1,60
2020-01-17 03:49:55+10:30,15,-94,-1.5666666666666669,6158,249.3,60
2020-01-17 03:50:55+10:30,15,-95,-1.5833333333333333,6176,249.3,60
2020-01-17 03:51:55+10:30,15,-95,-1.5833333333333333,6171,249.2,60
2020-01-17 09:48:55+10:30,15,163794,2729.9,5230,251.8,60
2020-01-17 09:49:55+10:30,15,164464,2741.0666666666666,5165,251.6,60
2020-01-17 09:50:55+10:30,15,165455,2757.583333333333,5171,251.5,60
2020-01-17 09:51:55+10:30,15,166599,2776.65,5266,248.5,60
2020-01-17 09:52:55+10:30,15,167415,2790.25,5246,252.0,60
2020-01-17 18:23:55+10:30,15,64883,1081.3833333333334,1215,241.9,60
2020-01-17 09:23:55+10:30,15,138967,2316.116666666667,4390,252.2,60
2020-01-17 09:24:55+10:30,15,139946,2332.4333333333334,4431,252.3,60
2020-01-17 09:25:55+10:30,15,141112,2351.866666666667,4446,252.8,60
2020-01-17 09:26:55+10:30,15,142251,2370.85,4480,252.7,60
2020-01-17 09:27:55+10:30,15,143302,2388.366666666667,4471,249.4,60
2020-01-17 09:28:55+10:30,15,144240,2404.0,4496,252.9,60
2020-01-17 09:29:55+10:30,15,145152,2419.2,4565,250.4,60
2020-01-17 18:24:55+10:30,15,57257,954.2833333333332,948,241.6,60
2020-01-17 18:25:55+10:30,15,68999,1149.9833333333331,1321,242.1,60
2020-01-17 18:26:55+10:30,15,76073,1267.8833333333334,1646,242.3,60
2020-01-17 18:27:55+10:30,15,75430,1257.1666666666667,1850,246.6,60
2020-01-17 07:22:55+10:30,15,8875,147.91666666666666,-116,248.1,60
2020-01-17 18:28:55+10:30,15,73938,1232.3,1788,244.0,60
2020-01-17 18:29:55+10:30,15,69772,1162.8666666666666,1606,244.4,60
2020-01-17 07:23:55+10:30,15,9079,151.31666666666666,-125,247.9,60
2020-01-17 07:24:55+10:30,15,9369,156.15,-105,248.4,60
2020-01-17 07:25:55+10:30,15,9595,159.91666666666666,-100,248.3,60
2020-01-17 07:26:55+10:30,15,9982,166.36666666666667,-133,248.2,60
2020-01-17 07:27:55+10:30,15,10417,173.61666666666667,-138,248.0,60
2020-01-17 07:28:55+10:30,15,13224,220.4,-66,248.2,60
2020-01-17 07:29:55+10:30,15,15336,255.6,-1,248.0,60
2020-01-17 11:47:55+10:30,15,241524,4025.4,7665,247.5,60
2020-01-17 11:48:55+10:30,15,225737,3762.283333333333,7313,252.7,60
2020-01-17 11:49:55+10:30,15,217465,3624.4166666666665,7598,252.8,60
2020-01-17 11:50:55+10:30,15,214261,3571.016666666667,7334,252.6,60
2020-01-17 11:51:55+10:30,15,221656,3694.266666666667,7673,252.4,60
2020-01-17 11:52:55+10:30,15,227793,3796.55,7684,249.5,60
2020-01-17 22:54:55+10:30,15,-126,-2.1,5701,238.9,60
2020-01-17 22:55:55+10:30,15,-132,-2.2,5650,244.2,60
2020-01-17 22:56:55+10:30,15,-91,-1.5166666666666666,5888,244.2,60
2020-01-17 22:57:55+10:30,15,-93,-1.55,5915,244.3,60
2020-01-17 22:58:55+10:30,15,-92,-1.5333333333333334,5913,244.0,60
2020-01-17 22:59:55+10:30,15,-92,-1.5333333333333334,5913,244.2,60
2020-01-17 23:00:55+10:30,15,-92,-1.5333333333333334,5888,244.3,60
2020-01-17 23:01:55+10:30,15,-93,-1.55,5906,244.1,60
2020-01-17 23:02:55+10:30,15,-92,-1.5333333333333334,5913,244.3,60
2020-01-17 23:03:55+10:30,15,-93,-1.55,5913,244.2,60
2020-01-17 23:04:55+10:30,15,-93,-1.55,5913,244.4,60
2020-01-17 23:05:55+10:30,15,-93,-1.55,5913,244.1,60
2020-01-17 23:06:55+10:30,15,-93,-1.55,5913,244.2,60
2020-01-17 23:07:55+10:30,15,-92,-1.5333333333333334,5911,244.0,60
2020-01-17 23:08:55+10:30,15,-92,-1.5333333333333334,5901,243.9,60
2020-01-17 07:07:55+10:30,15,6295,104.91666666666669,-151,248.4,60
2020-01-17 07:08:55+10:30,15,6421,107.01666666666668,-141,248.6,60
2020-01-17 07:09:55+10:30,15,6553,109.21666666666668,-140,248.6,60
2020-01-17 07:10:55+10:30,15,6650,110.83333333333331,-136,248.4,60
2020-01-17 07:11:55+10:30,15,6770,112.83333333333331,-138,246.0,60
2020-01-17 07:12:55+10:30,15,6907,115.11666666666666,-140,248.5,60
2020-01-17 07:13:55+10:30,15,7070,117.83333333333331,-116,248.8,60
2020-01-17 07:14:55+10:30,15,7168,119.46666666666668,-114,248.6,60
2020-01-17 07:15:55+10:30,15,7374,122.9,-118,248.7,60
2020-01-17 07:16:55+10:30,15,7574,126.23333333333332,-126,248.4,60
2020-01-17 07:17:55+10:30,15,7871,131.18333333333334,-135,248.1,60
2020-01-17 07:18:55+10:30,15,8070,134.5,-133,248.1,60
2020-01-17 07:19:55+10:30,15,8327,138.78333333333333,-126,248.1,60
2020-01-17 07:20:55+10:30,15,8666,144.43333333333334,-153,248.1,60
2020-01-17 07:21:55+10:30,15,8654,144.23333333333332,-130,248.2,60
2020-01-17 00:30:55+10:30,15,-93,-1.55,5853,243.0,60
2020-01-17 00:31:55+10:30,15,-94,-1.5666666666666669,5853,243.0,60
2020-01-17 00:32:55+10:30,15,-94,-1.5666666666666669,5865,242.9,60
2020-01-17 00:33:55+10:30,15,-94,-1.5666666666666669,5845,243.0,60
2020-01-17 00:34:55+10:30,15,-92,-1.5333333333333334,5825,242.8,60
2020-01-17 00:35:55+10:30,15,-93,-1.55,5818,243.0,60
2020-01-17 00:36:55+10:30,15,-92,-1.5333333333333334,5895,246.3,60
2020-01-17 11:30:55+10:30,15,223368,3722.8,7651,251.8,60
2020-01-17 11:31:55+10:30,15,224799,3746.65,7261,249.5,60
2020-01-17 11:32:55+10:30,15,224872,3747.866666666667,7643,252.0,60
2020-01-17 11:33:55+10:30,15,225051,3750.85,7538,252.4,60
2020-01-17 11:34:55+10:30,15,221013,3683.55,7250,252.4,60
2020-01-17 11:35:55+10:30,15,222046,3700.766666666667,7300,249.7,60
2020-01-17 11:36:55+10:30,15,222590,3709.8333333333335,7416,252.4,60
2020-01-17 11:37:55+10:30,15,221366,3689.433333333333,7378,249.8,60
2020-01-17 08:53:55+10:30,15,105951,1765.85,2755,245.1,60
2020-01-17 08:54:55+10:30,15,107113,1785.2166666666667,2800,245.0,60
2020-01-17 08:55:55+10:30,15,108301,1805.0166666666669,2876,248.1,60
2020-01-17 08:56:55+10:30,15,109636,1827.2666666666669,3351,250.9,60
2020-01-17 08:57:55+10:30,15,110737,1845.6166666666663,3285,248.1,60
2020-01-17 08:58:55+10:30,15,112084,1868.0666666666664,3350,250.8,60
2020-01-17 08:59:55+10:30,15,113260,1887.6666666666667,3365,250.7,60
2020-01-17 09:00:55+10:30,15,114434,1907.233333333333,3416,251.1,60
2020-01-17 09:01:55+10:30,15,115501,1925.0166666666669,3490,250.9,60
2020-01-17 09:02:55+10:30,15,116439,1940.65,3521,247.6,60
2020-01-17 09:03:55+10:30,15,117512,1958.5333333333333,3525,250.7,60
2020-01-17 09:04:55+10:30,15,118566,1976.1,3473,247.8,60
2020-01-17 09:05:55+10:30,15,119659,1994.3166666666664,3554,247.9,60
2020-01-17 09:06:55+10:30,15,120800,2013.3333333333333,3685,251.0,60
2020-01-17 09:07:55+10:30,15,121904,2031.733333333333,3703,251.2,60
2020-01-17 17:30:55+10:30,15,153559,2559.3166666666666,4728,251.0,60
2020-01-17 17:31:55+10:30,15,153004,2550.0666666666666,4731,248.9,60
2020-01-17 17:32:55+10:30,15,152000,2533.333333333333,4653,251.3,60
2020-01-17 17:33:55+10:30,15,151017,2516.95,4686,251.1,60
2020-01-17 17:34:55+10:30,15,149902,2498.366666666667,4646,250.9,60
2020-01-17 17:35:55+10:30,15,149002,2483.366666666667,4600,251.0,60
2020-01-17 17:36:55+10:30,15,148334,2472.233333333333,4560,247.9,60
2020-01-17 17:37:55+10:30,15,147437,2457.2833333333333,4536,250.7,60
2020-01-17 21:30:55+10:30,15,-95,-1.5833333333333333,5913,244.8,60
2020-01-17 21:31:55+10:30,15,-96,-1.6,5928,244.5,60
2020-01-17 21:32:55+10:30,15,-96,-1.6,5915,245.1,60
2020-01-17 21:33:55+10:30,15,-98,-1.6333333333333333,5940,245.0,60
2020-01-17 21:34:55+10:30,15,-102,-1.7,5908,243.8,60
2020-01-17 21:35:55+10:30,15,-106,-1.7666666666666666,5866,243.8,60
2020-01-17 21:36:55+10:30,15,-105,-1.75,5870,243.7,60
2020-01-17 21:37:55+10:30,15,-118,-1.9666666666666663,5835,242.4,60
2020-01-17 21:38:55+10:30,15,-133,-2.216666666666667,5753,240.5,60
2020-01-17 12:45:55+10:30,15,221252,3687.533333333333,7196,251.8,60
2020-01-17 12:46:55+10:30,15,221595,3693.25,7240,252.2,60
2020-01-17 12:47:55+10:30,15,223555,3725.9166666666665,7241,252.1,60
2020-01-17 12:48:55+10:30,15,223442,3724.033333333333,7263,251.7,60
2020-01-17 12:49:55+10:30,15,226302,3771.7,7376,251.2,60
2020-01-17 12:50:55+10:30,15,231375,3856.25,7501,253.2,60
2020-01-17 12:51:55+10:30,15,208827,3480.45,6803,252.9,60
2020-01-17 12:52:55+10:30,15,203582,3393.0333333333333,6681,253.8,60
2020-01-17 04:52:55+10:30,15,-96,-1.6,6245,251.1,60
2020-01-17 04:53:55+10:30,15,-95,-1.5833333333333333,6246,250.9,60
2020-01-17 04:54:55+10:30,15,-95,-1.5833333333333333,6243,250.6,60
2020-01-17 04:55:55+10:30,15,-96,-1.6,6245,250.9,60
2020-01-17 04:56:55+10:30,15,-96,-1.6,6243,250.0,60
2020-01-17 04:57:55+10:30,15,-94,-1.5666666666666669,6198,249.8,60
2020-01-17 04:58:55+10:30,15,-94,-1.5666666666666669,6176,249.7,60
2020-01-17 04:59:55+10:30,15,-95,-1.5833333333333333,6186,250.2,60
2020-01-17 05:00:55+10:30,15,-94,-1.5666666666666669,6213,250.2,60
2020-01-17 05:01:55+10:30,15,-95,-1.5833333333333333,6216,250.2,60
2020-01-17 05:02:55+10:30,15,-95,-1.5833333333333333,6223,249.9,60
2020-01-17 05:03:55+10:30,15,-94,-1.5666666666666669,6215,250.3,60
2020-01-17 05:04:55+10:30,15,-94,-1.5666666666666669,6218,250.2,60
2020-01-17 05:05:55+10:30,15,-94,-1.5666666666666669,6215,250.1,60
2020-01-17 05:06:55+10:30,15,-95,-1.5833333333333333,6141,249.0,60
2020-01-17 20:09:55+10:30,15,1649,27.48333333333333,-1198,232.1,60
2020-01-17 20:10:55+10:30,15,1522,25.366666666666667,-1153,225.0,60
2020-01-17 20:11:55+10:30,15,1438,23.966666666666665,-1175,228.5,60
2020-01-17 20:12:55+10:30,15,1341,22.35,-1236,231.1,60
2020-01-17 20:13:55+10:30,15,1250,20.83333333333333,-1205,231.1,60
2020-01-17 20:14:55+10:30,15,1149,19.15,-1208,227.3,60
2020-01-17 20:15:55+10:30,15,1050,17.5,-1178,227.6,60
2020-01-17 20:16:55+10:30,15,954,15.9,-1195,232.2,60
2020-01-17 20:17:55+10:30,15,854,14.233333333333333,-1216,232.1,60
2020-01-17 20:18:55+10:30,15,768,12.8,-1130,227.5,60
2020-01-17 20:19:55+10:30,15,668,11.133333333333333,-648,235.7,60
2020-01-17 20:20:55+10:30,15,571,9.516666666666667,-380,240.0,60
2020-01-17 20:21:55+10:30,15,489,8.15,-16,239.7,60
2020-01-17 20:22:55+10:30,15,402,6.7,-125,235.6,60
2020-01-17 20:23:55+10:30,15,305,5.083333333333333,63,239.9,60
2020-01-17 19:08:55+10:30,15,12627,210.45,-393,244.8,60
2020-01-17 19:09:55+10:30,15,12422,207.03333333333333,-320,244.3,60
2020-01-17 19:10:55+10:30,15,12310,205.16666666666663,-538,240.0,60
2020-01-17 19:11:55+10:30,15,12138,202.3,-498,239.5,60
2020-01-17 19:12:55+10:30,15,11964,199.4,-433,239.7,60
2020-01-17 19:13:55+10:30,15,11836,197.26666666666668,-480,244.4,60
2020-01-17 19:14:55+10:30,15,11688,194.8,-536,239.7,60
2020-01-17 19:15:55+10:30,15,11564,192.7333333333333,-433,239.9,60
2020-01-17 19:16:55+10:30,15,11469,191.15,-425,240.0,60
2020-01-17 19:17:55+10:30,15,11366,189.4333333333333,-533,241.1,60
2020-01-17 19:18:55+10:30,15,11266,187.76666666666668,-730,238.9,60
2020-01-17 19:19:55+10:30,15,11146,185.76666666666668,-778,235.2,60
2020-01-17 19:20:55+10:30,15,10968,182.8,-565,244.6,60
2020-01-17 19:21:55+10:30,15,10822,180.36666666666667,-393,244.2,60
2020-01-17 19:22:55+10:30,15,10695,178.25,-483,240.3,60
2020-01-17 04:07:55+10:30,15,-95,-1.5833333333333333,6143,248.7,60
2020-01-17 04:08:55+10:30,15,-94,-1.5666666666666669,6101,248.6,60
2020-01-17 04:09:55+10:30,15,-94,-1.5666666666666669,6125,248.8,60
2020-01-17 04:10:55+10:30,15,-95,-1.5833333333333333,6141,248.7,60
2020-01-17 04:11:55+10:30,15,-94,-1.5666666666666669,6153,249.2,60
2020-01-17 04:12:55+10:30,15,-94,-1.5666666666666669,6163,249.0,60
2020-01-17 04:13:55+10:30,15,-95,-1.5833333333333333,6163,249.0,60
2020-01-17 04:14:55+10:30,15,-94,-1.5666666666666669,6160,249.1,60
2020-01-17 04:15:55+10:30,15,-94,-1.5666666666666669,6150,249.1,60
2020-01-17 04:16:55+10:30,15,-94,-1.5666666666666669,6130,249.5,60
2020-01-17 04:17:55+10:30,15,-96,-1.6,6186,249.7,60
2020-01-17 04:19:55+10:30,15,-96,-1.6,6233,250.5,60
2020-01-17 04:20:55+10:30,15,-95,-1.5833333333333333,6225,250.7,60
2020-01-17 04:21:55+10:30,15,-94,-1.5666666666666669,6230,250.5,60
2020-01-17 07:52:55+10:30,15,31015,516.9166666666666,575,248.9,60
2020-01-17 07:53:55+10:30,15,33229,553.8166666666667,641,249.2,60
2020-01-17 07:54:55+10:30,15,35459,590.9833333333333,716,249.3,60
2020-01-17 07:55:55+10:30,15,37679,627.9833333333333,801,249.5,60
2020-01-17 07:56:55+10:30,15,39702,661.7,863,249.1,60
2020-01-17 07:57:55+10:30,15,41418,690.3,880,248.9,60
2020-01-17 04:37:55+10:30,15,-95,-1.5833333333333333,6238,250.7,60
2020-01-17 04:38:55+10:30,15,-95,-1.5833333333333333,6233,250.7,60
2020-01-17 07:30:55+10:30,15,15744,262.4,13,248.1,60
2020-01-17 07:31:55+10:30,15,16201,270.01666666666665,71,248.3,60
2020-01-17 07:32:55+10:30,15,16621,277.01666666666665,73,248.0,60
2020-01-17 07:33:55+10:30,15,17084,284.7333333333333,61,248.4,60
2020-01-17 07:34:55+10:30,15,17549,292.4833333333333,101,248.0,60
2020-01-17 07:35:55+10:30,15,18042,300.7,96,248.0,60
2020-01-17 07:36:55+10:30,15,18498,308.3,80,247.8,60
2020-01-17 04:39:55+10:30,15,-94,-1.5666666666666669,6230,250.5,60
2020-01-17 04:40:55+10:30,15,-94,-1.5666666666666669,6213,250.2,60
2020-01-17 04:41:55+10:30,15,-95,-1.5833333333333333,6185,247.3,60
2020-01-17 04:42:55+10:30,15,-94,-1.5666666666666669,6218,250.3,60
2020-01-17 04:43:55+10:30,15,-95,-1.5833333333333333,6221,250.4,60
2020-01-17 04:44:55+10:30,15,-94,-1.5666666666666669,6228,250.5,60
2020-01-17 04:45:55+10:30,15,-94,-1.5666666666666669,6233,250.5,60
2020-01-17 04:46:55+10:30,15,-95,-1.5833333333333333,6240,250.9,60
2020-01-17 04:47:55+10:30,15,-95,-1.5833333333333333,6243,251.0,60
2020-01-17 04:48:55+10:30,15,-95,-1.5833333333333333,6253,250.8,60
2020-01-17 04:49:55+10:30,15,-94,-1.5666666666666669,6231,250.9,60
2020-01-17 04:50:55+10:30,15,-95,-1.5833333333333333,6211,251.1,60
2020-01-17 04:51:55+10:30,15,-95,-1.5833333333333333,6253,251.0,60
2020-01-17 12:23:55+10:30,15,239537,3992.283333333333,7981,250.7,60
2020-01-17 12:24:55+10:30,15,239572,3992.866666666667,7905,250.7,60
2020-01-17 12:25:55+10:30,15,239671,3994.516666666667,8065,249.8,60
2020-01-17 12:26:55+10:30,15,249323,4155.383333333333,8031,250.4,60
2020-01-17 12:27:55+10:30,15,241979,4032.983333333333,7941,250.6,60
2020-01-17 12:28:55+10:30,15,233159,3885.983333333333,7834,251.7,60
2020-01-17 12:29:55+10:30,15,230114,3835.233333333333,7425,251.4,60
2020-01-17 16:53:55+10:30,15,185330,3088.833333333333,5905,252.3,60
2020-01-17 16:54:55+10:30,15,184404,3073.4,5856,251.9,60
2020-01-17 16:55:55+10:30,15,183104,3051.733333333333,5856,252.3,60
2020-01-17 16:56:55+10:30,15,182318,3038.633333333333,5813,252.0,60
2020-01-17 16:57:55+10:30,15,182449,3040.8166666666666,5841,252.3,60
2020-01-17 16:58:55+10:30,15,182075,3034.583333333333,5825,252.3,60
2020-01-17 16:59:55+10:30,15,180963,3016.05,5776,252.3,60
2020-01-17 17:00:55+10:30,15,179955,2999.25,5745,249.4,60
2020-01-17 17:01:55+10:30,15,178790,2979.833333333333,5646,252.4,60
2020-01-17 17:02:55+10:30,15,177921,2965.35,5570,251.8,60
2020-01-17 17:03:55+10:30,15,176846,2947.4333333333334,5606,251.9,60
2020-01-17 17:04:55+10:30,15,175824,2930.4,5583,249.9,60
2020-01-17 17:05:55+10:30,15,174641,2910.6833333333334,5423,251.5,60
2020-01-17 17:06:55+10:30,15,173170,2886.1666666666665,5435,251.4,60
2020-01-17 17:07:55+10:30,15,172889,2881.483333333333,5400,249.2,60
2020-01-17 06:30:55+10:30,15,641,10.683333333333334,328,246.5,60
2020-01-17 06:31:55+10:30,15,734,12.233333333333333,190,246.6,60
2020-01-17 06:32:55+10:30,15,826,13.766666666666667,116,246.6,60
2020-01-17 06:33:55+10:30,15,923,15.383333333333333,80,246.9,60
2020-01-17 06:34:55+10:30,15,1016,16.933333333333334,88,247.1,60
2020-01-17 06:35:55+10:30,15,1106,18.433333333333334,36,247.7,60
2020-01-17 06:36:55+10:30,15,1197,19.95,43,247.4,60
2020-01-17 14:30:55+10:30,15,208837,3480.616666666667,6808,252.8,60
2020-01-17 14:31:55+10:30,15,211351,3522.516666666667,6886,253.2,60
2020-01-17 14:32:55+10:30,15,205362,3422.7,6748,250.9,60
2020-01-17 14:33:55+10:30,15,204271,3404.516666666667,6675,253.8,60
2020-01-17 14:34:55+10:30,15,200700,3345.0,6556,253.4,60
2020-01-17 14:35:55+10:30,15,209276,3487.9333333333334,6668,252.9,60
2020-01-17 14:36:55+10:30,15,95028,1583.8,6301,246.2,60
2020-01-17 14:37:55+10:30,15,-51,-0.85,5975,246.8,60
2020-01-17 08:38:55+10:30,15,88019,1466.9833333333331,2128,243.4,60
2020-01-17 08:39:55+10:30,15,89326,1488.7666666666669,2166,243.0,60
2020-01-17 08:40:55+10:30,15,90439,1507.3166666666666,2213,241.8,60
2020-01-17 08:41:55+10:30,15,91685,1528.0833333333333,2276,244.3,60
2020-01-17 08:42:55+10:30,15,92963,1549.3833333333334,2396,244.9,60
2020-01-17 08:43:55+10:30,15,94087,1568.1166666666666,2400,244.8,60
2020-01-17 08:44:55+10:30,15,95205,1586.75,2361,244.2,60
2020-01-17 08:45:55+10:30,15,96488,1608.1333333333334,2361,242.1,60
2020-01-17 08:46:55+10:30,15,97597,1626.6166666666666,2391,241.8,60
2020-01-17 08:47:55+10:30,15,98610,1643.5,2416,241.5,60
2020-01-17 08:48:55+10:30,15,99737,1662.2833333333333,2443,242.0,60
2020-01-17 08:49:55+10:30,15,100841,1680.6833333333334,2445,241.9,60
2020-01-17 08:50:55+10:30,15,101927,1698.7833333333333,2543,244.8,60
2020-01-17 08:51:55+10:30,15,103184,1719.7333333333331,2658,244.3,60
2020-01-17 08:52:55+10:30,15,104695,1744.9166666666667,2696,245.1,60
2020-01-17 09:30:55+10:30,15,145908,2431.8,4615,253.2,60
2020-01-17 09:31:55+10:30,15,146782,2446.366666666667,4673,252.9,60
2020-01-17 09:32:55+10:30,15,147634,2460.5666666666666,4715,252.7,60
2020-01-17 09:33:55+10:30,15,148629,2477.15,4716,253.3,60
2020-01-17 09:34:55+10:30,15,149650,2494.1666666666665,4780,252.8,60
2020-01-17 09:35:55+10:30,15,150660,2511.0,4763,250.3,60
2020-01-17 09:36:55+10:30,15,151576,2526.266666666667,4798,252.4,60
2020-01-17 09:37:55+10:30,15,152458,2540.9666666666667,4741,252.0,60
2020-01-17 07:37:55+10:30,15,18950,315.8333333333333,126,248.0,60
2020-01-17 07:38:55+10:30,15,19393,323.21666666666664,170,248.9,60
2020-01-17 07:39:55+10:30,15,19874,331.2333333333333,196,248.8,60
2020-01-17 07:40:55+10:30,15,20383,339.71666666666664,210,248.8,60
2020-01-17 07:41:55+10:30,15,20839,347.31666666666666,235,248.8,60
2020-01-17 07:42:55+10:30,15,21381,356.35,243,248.8,60
2020-01-17 07:43:55+10:30,15,21916,365.26666666666665,225,248.6,60
2020-01-17 07:44:55+10:30,15,22483,374.7166666666666,253,248.8,60
2020-01-17 07:45:55+10:30,15,23071,384.51666666666665,286,249.0,60
2020-01-17 07:46:55+10:30,15,23604,393.4,311,249.1,60
2020-01-17 07:47:55+10:30,15,24145,402.4166666666667,325,249.0,60
2020-01-17 07:48:55+10:30,15,24759,412.65,336,248.9,60
2020-01-17 07:49:55+10:30,15,25483,424.7166666666666,371,249.1,60
2020-01-17 07:50:55+10:30,15,26771,446.1833333333333,395,248.9,60
2020-01-17 07:51:55+10:30,15,28805,480.0833333333333,465,248.9,60
2020-01-17 12:08:55+10:30,15,230333,3838.883333333333,8056,251.5,60
2020-01-17 12:09:55+10:30,15,225877,3764.616666666667,7351,251.9,60
2020-01-17 12:10:55+10:30,15,231389,3856.483333333333,7780,251.6,60
2020-01-17 12:11:55+10:30,15,225984,3766.4,7770,251.8,60
2020-01-17 12:12:55+10:30,15,235019,3916.983333333333,7623,250.2,60
2020-01-17 12:13:55+10:30,15,243778,4062.966666666666,8081,250.7,60
2020-01-17 12:14:55+10:30,15,242542,4042.366666666667,8178,250.4,60
2020-01-17 12:15:55+10:30,15,240319,4005.3166666666666,8251,250.8,60
2020-01-17 12:16:55+10:30,15,239857,3997.616666666667,7825,250.5,60
2020-01-17 12:17:55+10:30,15,243692,4061.533333333333,8218,250.4,60
2020-01-17 12:18:55+10:30,15,244128,4068.8,7946,250.5,60
2020-01-17 12:19:55+10:30,15,240275,4004.5833333333335,7825,250.7,60
2020-01-17 12:20:55+10:30,15,238872,3981.2,8200,251.0,60
2020-01-17 12:21:55+10:30,15,236947,3949.116666666667,8268,250.9,60
2020-01-17 12:22:55+10:30,15,240795,4013.25,7911,250.8,60
2020-01-17 14:38:55+10:30,15,-48,-0.8,5975,246.9,60
2020-01-17 14:39:55+10:30,15,14081,234.6833333333333,1701,247.8,60
2020-01-17 14:40:55+10:30,15,62425,1040.4166666666667,1428,248.7,60
2020-01-17 14:41:55+10:30,15,110784,1846.4,3110,250.1,60
2020-01-17 14:42:55+10:30,15,158631,2643.85,4946,252.9,60
2020-01-17 14:43:55+10:30,15,199324,3322.0666666666666,6516,253.6,60
2020-01-17 14:44:55+10:30,15,200183,3336.383333333333,6588,254.1,60
2020-01-17 14:45:55+10:30,15,200141,3335.6833333333334,6523,253.6,60
2020-01-17 14:46:55+10:30,15,205811,3430.1833333333334,6706,253.4,60
2020-01-17 14:47:55+10:30,15,201775,3362.9166666666665,6640,253.9,60
2020-01-17 14:48:55+10:30,15,200311,3338.516666666667,6611,253.9,60
2020-01-17 14:49:55+10:30,15,198848,3314.133333333333,6518,253.8,60
2020-01-17 14:50:55+10:30,15,133925,2232.083333333333,6521,246.3,60
2020-01-17 14:51:55+10:30,15,-48,-0.8,5921,244.7,60
2020-01-17 14:52:55+10:30,15,-47,-0.7833333333333333,5911,245.4,60
2020-01-17 07:58:55+10:30,15,42680,711.3333333333334,925,249.0,60
2020-01-17 07:59:55+10:30,15,43846,730.7666666666667,960,246.7,60
2020-01-17 08:00:55+10:30,15,44796,746.6,1061,249.2,60
2020-01-17 08:01:55+10:30,15,45791,763.1833333333333,1078,249.0,60
2020-01-17 08:02:55+10:30,15,46903,781.7166666666667,998,248.2,60
2020-01-17 08:03:55+10:30,15,47988,799.8,1016,248.7,60
2020-01-17 08:04:55+10:30,15,49044,817.4,1090,249.1,60
2020-01-17 08:05:55+10:30,15,50153,835.8833333333333,1133,249.4,60
2020-01-17 08:06:55+10:30,15,51260,854.3333333333334,1221,249.6,60
2020-01-17 08:07:55+10:30,15,52270,871.1666666666666,1236,249.2,60
2020-01-17 20:24:55+10:30,15,220,3.6666666666666665,268,240.1,60
2020-01-17 20:25:55+10:30,15,131,2.183333333333333,500,240.2,60
2020-01-17 20:26:55+10:30,15,49,0.8166666666666667,826,240.7,60
2020-01-17 20:27:55+10:30,15,-27,-0.45,1273,240.2,60
2020-01-17 20:28:55+10:30,15,-101,-1.6833333333333331,1430,239.9,60
2020-01-17 20:29:55+10:30,15,-168,-2.8,1110,240.5,60
2020-01-17 09:53:55+10:30,15,168339,2805.65,5280,251.8,60
2020-01-17 09:54:55+10:30,15,169184,2819.733333333333,5393,248.9,60
2020-01-17 09:55:55+10:30,15,169836,2830.6,5368,247.7,60
2020-01-17 09:56:55+10:30,15,170445,2840.75,5183,247.7,60
2020-01-17 09:57:55+10:30,15,171013,2850.2166666666667,5185,244.7,60
2020-01-17 09:58:55+10:30,15,171575,2859.583333333333,5250,248.1,60
2020-01-17 09:59:55+10:30,15,172273,2871.2166666666667,5255,245.8,60
2020-01-17 10:00:55+10:30,15,173161,2886.016666666667,5280,244.8,60
2020-01-17 10:01:55+10:30,15,173869,2897.8166666666666,5136,246.6,60
2020-01-17 10:02:55+10:30,15,174558,2909.3,5171,246.8,60
2020-01-17 10:03:55+10:30,15,175400,2923.333333333333,5108,242.9,60
2020-01-17 10:04:55+10:30,15,176511,2941.85,5246,246.1,60
2020-01-17 10:05:55+10:30,15,177685,2961.4166666666665,5318,251.1,60
2020-01-17 10:06:55+10:30,15,179025,2983.75,5675,248.3,60
2020-01-17 10:07:55+10:30,15,179888,2998.133333333333,5533,248.1,60
2020-01-17 01:07:55+10:30,15,-94,-1.5666666666666669,6113,248.2,60
2020-01-17 01:08:55+10:30,15,-95,-1.5833333333333333,6106,247.9,60
2020-01-17 01:09:55+10:30,15,-94,-1.5666666666666669,6083,247.6,60
2020-01-17 01:10:55+10:30,15,-96,-1.6,6075,247.7,60
2020-01-17 01:11:55+10:30,15,-94,-1.5666666666666669,6023,246.2,60
2020-01-17 01:12:55+10:30,15,-94,-1.5666666666666669,6015,246.5,60
2020-01-17 01:13:55+10:30,15,-94,-1.5666666666666669,6023,246.1,60
2020-01-17 01:14:55+10:30,15,-94,-1.5666666666666669,6008,246.4,60
2020-01-17 01:15:55+10:30,15,-94,-1.5666666666666669,6031,246.9,60
2020-01-17 21:24:55+10:30,15,-94,-1.5666666666666669,5681,239.9,60
2020-01-17 21:25:55+10:30,15,-94,-1.5666666666666669,5698,240.0,60
2020-01-17 21:26:55+10:30,15,-95,-1.5833333333333333,5705,240.2,60
2020-01-17 21:27:55+10:30,15,-94,-1.5666666666666669,5700,240.3,60
2020-01-17 21:28:55+10:30,15,-94,-1.5666666666666669,5716,240.6,60
2020-01-17 21:29:55+10:30,15,-95,-1.5833333333333333,5805,244.3,60
2020-01-17 15:23:55+10:30,15,215257,3587.616666666667,6801,252.5,60
2020-01-17 15:24:55+10:30,15,219441,3657.35,6995,252.3,60
2020-01-17 15:25:55+10:30,15,215124,3585.4,6816,252.7,60
2020-01-17 15:26:55+10:30,15,215612,3593.5333333333333,6808,252.6,60
2020-01-17 15:27:55+10:30,15,216515,3608.5833333333335,6959,252.3,60
2020-01-17 15:28:55+10:30,15,216076,3601.266666666667,6900,252.8,60
2020-01-17 15:29:55+10:30,15,212297,3538.2833333333333,6816,252.9,60
2020-01-17 14:53:55+10:30,15,8074,134.56666666666666,2710,246.5,60
2020-01-17 14:54:55+10:30,15,53612,893.5333333333333,1085,248.1,60
2020-01-17 14:55:55+10:30,15,101998,1699.9666666666667,2820,249.4,60
2020-01-17 14:56:55+10:30,15,149723,2495.383333333333,4536,250.3,60
2020-01-17 14:57:55+10:30,15,198568,3309.4666666666667,6355,252.2,60
2020-01-17 14:58:55+10:30,15,220693,3678.216666666666,7196,249.4,60
2020-01-17 14:59:55+10:30,15,227350,3789.1666666666665,7361,251.8,60
2020-01-17 15:00:55+10:30,15,227006,3783.433333333333,7178,251.9,60
2020-01-17 15:01:55+10:30,15,225527,3758.783333333333,7141,252.2,60
2020-01-17 15:02:55+10:30,15,220308,3671.8,7051,252.1,60
2020-01-17 15:03:55+10:30,15,217705,3628.4166666666665,7113,252.5,60
2020-01-17 02:22:55+10:30,15,-96,-1.6,6105,248.1,60
2020-01-17 02:23:55+10:30,15,-96,-1.6,6118,248.5,60
2020-01-17 02:24:55+10:30,15,-95,-1.5833333333333333,6120,248.6,60
2020-01-17 02:25:55+10:30,15,-96,-1.6,6125,248.7,60
2020-01-17 02:26:55+10:30,15,-96,-1.6,6131,248.5,60
2020-01-17 02:27:55+10:30,15,-95,-1.5833333333333333,6115,245.9,60
2020-01-17 02:28:55+10:30,15,-96,-1.6,6120,249.0,60
2020-01-17 02:29:55+10:30,15,-94,-1.5666666666666669,6148,248.9,60
2020-01-17 02:07:55+10:30,15,-93,-1.55,6006,246.6,60
2020-01-17 02:08:55+10:30,15,-94,-1.5666666666666669,6023,246.6,60
2020-01-17 02:09:55+10:30,15,-95,-1.5833333333333333,6040,246.9,60
2020-01-17 02:10:55+10:30,15,-95,-1.5833333333333333,6021,246.8,60
2020-01-17 02:11:55+10:30,15,-95,-1.5833333333333333,6021,246.8,60
2020-01-17 02:12:55+10:30,15,-94,-1.5666666666666669,6033,247.1,60
2020-01-17 02:13:55+10:30,15,-95,-1.5833333333333333,6048,247.4,60
2020-01-17 02:14:55+10:30,15,-95,-1.5833333333333333,6066,247.2,60
2020-01-17 02:15:55+10:30,15,-95,-1.5833333333333333,6065,247.2,60
2020-01-17 02:16:55+10:30,15,-95,-1.5833333333333333,6051,247.1,60
2020-01-17 02:17:55+10:30,15,-94,-1.5666666666666669,6048,247.1,60
2020-01-17 02:18:55+10:30,15,-95,-1.5833333333333333,6055,247.1,60
2020-01-17 02:19:55+10:30,15,-96,-1.6,6091,248.6,60
2020-01-17 02:20:55+10:30,15,-96,-1.6,6121,248.5,60
2020-01-17 02:21:55+10:30,15,-95,-1.5833333333333333,6118,248.3,60
2020-01-17 10:08:55+10:30,15,180579,3009.65,5813,253.4,60
2020-01-17 10:09:55+10:30,15,181331,3022.1833333333334,5823,253.8,60
2020-01-17 10:10:55+10:30,15,182314,3038.5666666666666,5853,253.7,60
2020-01-17 10:11:55+10:30,15,183079,3051.3166666666666,5886,250.8,60
2020-01-17 10:12:55+10:30,15,183898,3064.9666666666667,5998,252.7,60
2020-01-17 10:13:55+10:30,15,184847,3080.7833333333333,5838,250.3,60
2020-01-17 10:14:55+10:30,15,185634,3093.9,5966,252.9,60
2020-01-17 10:15:55+10:30,15,186245,3104.083333333333,6131,252.9,60
2020-01-17 10:16:55+10:30,15,186663,3111.05,6058,251.9,60
2020-01-17 10:17:55+10:30,15,187731,3128.85,6085,253.2,60
2020-01-17 10:18:55+10:30,15,188929,3148.8166666666666,6043,253.0,60
2020-01-17 10:19:55+10:30,15,189864,3164.4,6053,252.6,60
2020-01-17 10:20:55+10:30,15,190953,3182.55,6130,252.9,60
2020-01-17 10:21:55+10:30,15,191693,3194.883333333333,6161,253.1,60
2020-01-17 10:22:55+10:30,15,192344,3205.733333333333,6208,250.0,60
2020-01-17 05:37:55+10:30,15,-95,-1.5833333333333333,6156,249.4,60
2020-01-17 05:38:55+10:30,15,-94,-1.5666666666666669,6178,249.7,60
2020-01-17 05:39:55+10:30,15,-95,-1.5833333333333333,6185,249.7,60
2020-01-17 05:40:55+10:30,15,-95,-1.5833333333333333,6163,249.4,60
2020-01-17 05:42:55+10:30,15,-94,-1.5666666666666669,6166,249.6,60
2020-01-17 05:43:55+10:30,15,-95,-1.5833333333333333,6180,249.9,60
2020-01-17 05:44:55+10:30,15,-95,-1.5833333333333333,6195,249.5,60
2020-01-17 05:45:55+10:30,15,-95,-1.5833333333333333,6193,250.0,60
2020-01-17 05:46:55+10:30,15,-95,-1.5833333333333333,6193,250.0,60
2020-01-17 05:47:55+10:30,15,-94,-1.5666666666666669,6195,249.9,60
2020-01-17 05:48:55+10:30,15,-96,-1.6,6183,250.0,60
2020-01-17 05:50:55+10:30,15,-94,-1.5666666666666669,6190,249.3,60
2020-01-17 05:51:55+10:30,15,-95,-1.5833333333333333,6158,249.5,60
2020-01-17 08:08:55+10:30,15,53329,888.8166666666667,1218,248.6,60
2020-01-17 08:09:55+10:30,15,54529,908.8166666666668,1193,248.1,60
2020-01-17 08:10:55+10:30,15,55675,927.9166666666666,1250,247.9,60
2020-01-17 08:11:55+10:30,15,56827,947.1166666666668,1275,247.7,60
2020-01-17 08:12:55+10:30,15,58004,966.7333333333332,1321,246.6,60
2020-01-17 08:13:55+10:30,15,59112,985.2,1201,244.5,60
2020-01-17 08:14:55+10:30,15,60257,1004.2833333333332,1188,243.8,60
2020-01-17 08:15:55+10:30,15,61401,1023.35,1183,243.7,60
2020-01-17 08:16:55+10:30,15,62625,1043.75,1236,243.8,60
2020-01-17 08:17:55+10:30,15,63811,1063.5166666666669,1301,243.8,60
2020-01-17 08:18:55+10:30,15,64849,1080.8166666666666,1283,242.3,60
2020-01-17 08:19:55+10:30,15,66009,1100.15,1310,242.3,60
2020-01-17 08:20:55+10:30,15,67094,1118.2333333333331,1361,242.7,60
2020-01-17 03:30:55+10:30,15,-94,-1.5666666666666669,6155,249.4,60
2020-01-17 08:21:55+10:30,15,68291,1138.1833333333334,1406,242.6,60
2020-01-17 03:31:55+10:30,15,-95,-1.5833333333333333,6145,249.0,60
2020-01-17 08:22:55+10:30,15,69442,1157.3666666666666,1435,242.8,60
2020-01-17 03:32:55+10:30,15,-95,-1.5833333333333333,6156,249.2,60
2020-01-17 03:33:55+10:30,15,-95,-1.5833333333333333,6158,249.4,60
2020-01-17 03:34:55+10:30,15,-97,-1.6166666666666667,6161,249.5,60
2020-01-17 03:35:55+10:30,15,-96,-1.6,6145,246.2,60
2020-01-17 03:36:55+10:30,15,-95,-1.5833333333333333,6121,248.9,60
2020-01-17 19:30:55+10:30,15,7178,119.63333333333334,-731,239.2,60
2020-01-17 19:31:55+10:30,15,7114,118.56666666666666,-916,238.9,60
2020-01-17 19:32:55+10:30,15,6998,116.63333333333334,-856,239.4,60
2020-01-17 19:33:55+10:30,15,6899,114.98333333333332,-743,236.0,60
2020-01-17 19:34:55+10:30,15,6764,112.73333333333332,-735,239.4,60
2020-01-17 19:35:55+10:30,15,6614,110.23333333333332,-888,239.1,60
2020-01-17 19:36:55+10:30,15,6500,108.33333333333331,-905,235.6,60
2020-01-17 19:37:55+10:30,15,6355,105.91666666666669,-875,239.6,60
2020-01-17 19:38:55+10:30,15,6262,104.36666666666666,-693,235.5,60
2020-01-17 02:30:55+10:30,15,-95,-1.5833333333333333,6141,248.7,60
2020-01-17 02:31:55+10:30,15,-95,-1.5833333333333333,6110,248.6,60
2020-01-17 01:16:55+10:30,15,-94,-1.5666666666666669,6045,247.1,60
2020-01-17 01:17:55+10:30,15,-95,-1.5833333333333333,6058,247.0,60
2020-01-17 01:18:55+10:30,15,-93,-1.55,6048,247.1,60
2020-01-17 01:19:55+10:30,15,-94,-1.5666666666666669,6058,247.0,60
2020-01-17 01:20:55+10:30,15,-94,-1.5666666666666669,6043,247.0,60
2020-01-17 01:21:55+10:30,15,-94,-1.5666666666666669,6058,246.7,60
2020-01-17 09:08:55+10:30,15,122978,2049.633333333333,3743,251.5,60
2020-01-17 09:09:55+10:30,15,124071,2067.85,3811,248.1,60
2020-01-17 09:11:55+10:30,15,126209,2103.483333333333,3856,251.3,60
2020-01-17 09:12:55+10:30,15,127204,2120.0666666666666,3856,251.0,60
2020-01-17 09:13:55+10:30,15,128267,2137.7833333333333,3828,251.0,60
2020-01-17 09:14:55+10:30,15,129366,2156.1,3925,251.2,60
2020-01-17 09:15:55+10:30,15,130495,2174.9166666666665,3960,251.1,60
2020-01-17 09:16:55+10:30,15,131626,2193.766666666667,4010,250.5,60
2020-01-17 09:17:55+10:30,15,132675,2211.25,3978,251.3,60
2020-01-17 09:18:55+10:30,15,133611,2226.85,4036,251.5,60
2020-01-17 09:19:55+10:30,15,134683,2244.7166666666667,4153,251.4,60
2020-01-17 09:20:55+10:30,15,135955,2265.9166666666665,4255,251.3,60
2020-01-17 09:21:55+10:30,15,136890,2281.5,4293,252.0,60
2020-01-17 09:22:55+10:30,15,137846,2297.4333333333334,4295,252.1,60
2020-01-17 15:04:55+10:30,15,218627,3643.783333333333,7045,252.2,60
2020-01-17 15:05:55+10:30,15,219792,3663.2,7088,252.2,60
2020-01-17 15:06:55+10:30,15,220066,3667.766666666667,7066,251.7,60
2020-01-17 15:07:55+10:30,15,226310,3771.8333333333335,7243,252.2,60
2020-01-17 23:09:55+10:30,15,-91,-1.5166666666666666,5903,244.5,60
2020-01-17 23:10:55+10:30,15,-92,-1.5333333333333334,5903,244.2,60
2020-01-17 23:11:55+10:30,15,-92,-1.5333333333333334,5910,244.1,60
2020-01-17 23:12:55+10:30,15,-93,-1.55,5905,244.2,60
2020-01-17 23:13:55+10:30,15,-93,-1.55,5921,244.3,60
2020-01-17 23:14:55+10:30,15,-93,-1.55,5910,244.3,60
2020-01-17 23:15:55+10:30,15,-93,-1.55,5923,244.5,60
2020-01-17 23:16:55+10:30,15,-93,-1.55,5930,244.4,60
2020-01-17 23:17:55+10:30,15,-93,-1.55,5926,244.6,60
2020-01-17 23:18:55+10:30,15,-93,-1.55,5898,244.4,60
2020-01-17 23:19:55+10:30,15,-93,-1.55,5928,244.4,60
2020-01-17 23:20:55+10:30,15,-92,-1.5333333333333334,5906,244.5,60
2020-01-17 23:21:55+10:30,15,-93,-1.55,5916,244.4,60
2020-01-17 23:23:55+10:30,15,-92,-1.5333333333333334,5925,244.5,60
2020-01-17 12:53:55+10:30,15,202260,3371.0,6593,253.7,60
2020-01-17 12:54:55+10:30,15,199989,3333.15,6531,253.6,60
2020-01-17 12:55:55+10:30,15,148718,2478.633333333333,6423,248.3,60
2020-01-17 12:56:55+10:30,15,-49,-0.8166666666666667,6046,248.7,60
2020-01-17 12:57:55+10:30,15,-51,-0.85,6218,248.3,60
2020-01-17 12:58:55+10:30,15,23252,387.53333333333336,631,249.9,60
2020-01-17 12:59:55+10:30,15,71206,1186.7666666666669,1838,251.4,60
2020-01-17 13:00:55+10:30,15,119717,1995.2833333333333,3631,252.9,60
2020-01-17 13:01:55+10:30,15,169135,2818.9166666666665,5430,254.6,60
2020-01-17 13:02:55+10:30,15,191624,3193.733333333333,6360,254.5,60
2020-01-17 13:03:55+10:30,15,189633,3160.55,6231,254.5,60
2020-01-17 13:04:55+10:30,15,189494,3158.233333333333,6185,254.5,60
2020-01-17 13:05:55+10:30,15,189553,3159.2166666666667,6190,254.7,60
2020-01-17 13:06:55+10:30,15,194026,3233.766666666667,6375,254.2,60
2020-01-17 13:07:55+10:30,15,190893,3181.55,6330,248.1,60
2020-01-17 16:08:55+10:30,15,157598,2626.633333333333,4871,251.9,60
2020-01-17 16:09:55+10:30,15,202412,3373.5333333333333,6558,252.6,60
2020-01-17 16:10:55+10:30,15,212307,3538.45,6900,252.3,60
2020-01-17 16:11:55+10:30,15,211880,3531.333333333333,6893,252.6,60
2020-01-17 16:12:55+10:30,15,209571,3492.85,6873,253.2,60
2020-01-17 16:13:55+10:30,15,207826,3463.766666666667,6770,252.9,60
2020-01-17 16:14:55+10:30,15,210315,3505.25,6850,253.1,60
2020-01-17 16:15:55+10:30,15,207923,3465.383333333333,6788,253.3,60
2020-01-17 16:16:55+10:30,15,207808,3463.4666666666667,6841,253.2,60
2020-01-17 16:17:55+10:30,15,208097,3468.2833333333333,6720,253.1,60
2020-01-17 16:18:55+10:30,15,25771,429.51666666666665,6050,246.3,60
2020-01-17 16:19:55+10:30,15,-47,-0.7833333333333333,5925,246.1,60
2020-01-17 16:20:55+10:30,15,8533,142.21666666666667,2778,247.0,60
2020-01-17 16:21:55+10:30,15,53288,888.1333333333333,1063,248.6,60
2020-01-17 16:22:55+10:30,15,100988,1683.1333333333334,2805,250.4,60
2020-01-17 13:38:55+10:30,15,-48,-0.8,6043,248.0,60
2020-01-17 13:39:55+10:30,15,-48,-0.8,6033,247.8,60
2020-01-17 13:40:55+10:30,15,-47,-0.7833333333333333,5991,248.0,60
2020-01-17 13:41:55+10:30,15,21118,351.96666666666664,1005,249.1,60
2020-01-17 13:42:55+10:30,15,70225,1170.4166666666667,1789,250.8,60
2020-01-17 13:43:55+10:30,15,118270,1971.1666666666667,3554,252.2,60
2020-01-17 13:44:55+10:30,15,167104,2785.0666666666666,5336,254.1,60
2020-01-17 13:45:55+10:30,15,196557,3275.95,6496,254.1,60
2020-01-17 13:46:55+10:30,15,200924,3348.733333333333,6576,253.4,60
2020-01-17 13:47:55+10:30,15,205015,3416.9166666666665,6684,253.2,60
2020-01-17 13:48:55+10:30,15,201765,3362.75,6534,253.7,60
2020-01-17 13:49:55+10:30,15,204021,3400.35,6688,253.5,60
2020-01-17 13:50:55+10:30,15,196264,3271.0666666666666,6365,254.5,60
2020-01-17 13:51:55+10:30,15,197487,3291.45,6480,247.1,60
2020-01-17 13:52:55+10:30,15,-49,-0.8166666666666667,5991,247.1,60
2020-01-17 06:37:55+10:30,15,1289,21.48333333333333,-38,246.3,60
2020-01-17 06:38:55+10:30,15,1376,22.933333333333334,-111,246.0,60
2020-01-17 06:39:55+10:30,15,1500,25.0,-153,246.4,60
2020-01-17 06:40:55+10:30,15,1559,25.98333333333333,-301,245.4,60
2020-01-17 06:41:55+10:30,15,1646,27.433333333333334,-313,245.3,60
2020-01-17 06:42:55+10:30,15,1736,28.933333333333334,-335,244.5,60
2020-01-17 06:43:55+10:30,15,1818,30.3,-383,246.0,60
2020-01-17 06:44:55+10:30,15,1907,31.78333333333333,-391,246.1,60
2020-01-17 06:45:55+10:30,15,1993,33.21666666666667,-380,246.8,60
2020-01-17 06:46:55+10:30,15,2080,34.666666666666664,-331,246.8,60
2020-01-17 06:47:55+10:30,15,2165,36.083333333333336,-330,246.7,60
2020-01-17 06:48:55+10:30,15,2240,37.333333333333336,-416,247.0,60
2020-01-17 06:49:55+10:30,15,2324,38.73333333333333,-345,247.3,60
2020-01-17 06:50:55+10:30,15,2445,40.75,-336,247.5,60
2020-01-17 06:51:55+10:30,15,2702,45.03333333333333,-391,247.3,60
2020-01-17 11:53:55+10:30,15,242299,4038.3166666666666,7584,246.2,60
2020-01-17 11:54:55+10:30,15,243502,4058.366666666667,7681,249.3,60
2020-01-17 11:55:55+10:30,15,231857,3864.283333333333,7678,252.2,60
2020-01-17 11:56:55+10:30,15,224073,3734.55,7391,251.9,60
2020-01-17 11:57:55+10:30,15,221756,3695.933333333333,7870,251.8,60
2020-01-17 11:58:55+10:30,15,228566,3809.433333333333,8048,251.6,60
2020-01-17 11:59:55+10:30,15,230454,3840.9,7761,251.5,60
2020-01-17 12:00:55+10:30,15,233450,3890.8333333333335,7588,251.4,60
2020-01-17 12:01:55+10:30,15,231502,3858.366666666667,8025,251.5,60
2020-01-17 12:02:55+10:30,15,230480,3841.3333333333335,7701,251.6,60
2020-01-17 12:03:55+10:30,15,229156,3819.266666666667,7811,252.4,60
2020-01-17 12:04:55+10:30,15,228076,3801.266666666667,7440,251.6,60
2020-01-17 12:05:55+10:30,15,225973,3766.216666666666,7536,251.7,60
2020-01-17 12:06:55+10:30,15,230669,3844.483333333333,8018,251.5,60
2020-01-17 12:07:55+10:30,15,228441,3807.35,7731,251.7,60
2020-01-17 15:08:55+10:30,15,207671,3461.1833333333334,6736,253.0,60
2020-01-17 15:09:55+10:30,15,214277,3571.2833333333333,6915,252.4,60
2020-01-17 02:32:55+10:30,15,-95,-1.5833333333333333,6105,248.6,60
2020-01-17 02:33:55+10:30,15,-95,-1.5833333333333333,6110,248.7,60
2020-01-17 02:34:55+10:30,15,-95,-1.5833333333333333,6133,248.3,60
2020-01-17 02:35:55+10:30,15,-95,-1.5833333333333333,6110,248.6,60
2020-01-17 02:36:55+10:30,15,-96,-1.6,6091,248.5,60
2020-01-17 02:52:55+10:30,15,-95,-1.5833333333333333,6050,247.1,60
2020-01-17 02:53:55+10:30,15,-95,-1.5833333333333333,6023,247.4,60
2020-01-17 02:54:55+10:30,15,-95,-1.5833333333333333,6076,247.6,60
2020-01-17 02:55:55+10:30,15,-94,-1.5666666666666669,6076,247.6,60
2020-01-17 02:56:55+10:30,15,-95,-1.5833333333333333,6078,244.7,60
2020-01-17 02:57:55+10:30,15,-95,-1.5833333333333333,6050,247.3,60
2020-01-17 02:58:55+10:30,15,-95,-1.5833333333333333,6055,247.4,60
2020-01-17 01:22:55+10:30,15,-94,-1.5666666666666669,6035,246.8,60
2020-01-17 01:23:55+10:30,15,-93,-1.55,6016,246.8,60
2020-01-17 01:24:55+10:30,15,-94,-1.5666666666666669,6015,246.6,60
2020-01-17 01:25:55+10:30,15,-94,-1.5666666666666669,6033,246.8,60
2020-01-17 01:26:55+10:30,15,-94,-1.5666666666666669,6046,246.7,60
2020-01-17 01:27:55+10:30,15,-94,-1.5666666666666669,6030,246.3,60
2020-01-17 01:28:55+10:30,15,-93,-1.55,6001,246.4,60
2020-01-17 01:29:55+10:30,15,-95,-1.5833333333333333,6033,246.2,60
2020-01-17 21:09:55+10:30,15,-93,-1.55,5883,243.7,60
2020-01-17 21:10:55+10:30,15,-92,-1.5333333333333334,5878,244.0,60
2020-01-17 21:11:55+10:30,15,-92,-1.5333333333333334,5880,243.9,60
2020-01-17 21:12:55+10:30,15,-92,-1.5333333333333334,5845,241.4,60
2020-01-17 21:13:55+10:30,15,-91,-1.5166666666666666,5841,243.0,60
2020-01-17 21:14:55+10:30,15,-91,-1.5166666666666666,5745,240.5,60
2020-01-17 21:15:55+10:30,15,-92,-1.5333333333333334,5755,243.0,60
2020-01-17 21:16:55+10:30,15,-94,-1.5666666666666669,5893,244.2,60
2020-01-17 21:17:55+10:30,15,-93,-1.55,5715,240.1,60
2020-01-17 21:18:55+10:30,15,-92,-1.5333333333333334,5698,240.1,60
2020-01-17 21:19:55+10:30,15,-92,-1.5333333333333334,5701,240.0,60
2020-01-17 21:20:55+10:30,15,-91,-1.5166666666666666,5698,240.2,60
2020-01-17 21:21:55+10:30,15,-92,-1.5333333333333334,5701,239.1,60
2020-01-17 21:22:55+10:30,15,-94,-1.5666666666666669,5668,239.7,60
2020-01-17 21:23:55+10:30,15,-93,-1.55,5648,239.6,60
2020-01-17 15:53:55+10:30,15,222362,3706.033333333333,7195,252.0,60
2020-01-17 15:54:55+10:30,15,221625,3693.75,7105,251.7,60
2020-01-17 15:55:55+10:30,15,221067,3684.45,7086,252.5,60
2020-01-17 15:56:55+10:30,15,216997,3616.616666666667,6988,253.5,60
2020-01-17 15:57:55+10:30,15,204926,3415.4333333333334,6521,252.9,60
2020-01-17 15:58:55+10:30,15,212757,3545.95,6776,252.9,60
2020-01-17 15:59:55+10:30,15,209945,3499.083333333333,6870,253.0,60
2020-01-17 16:00:55+10:30,15,210531,3508.85,6790,253.0,60
2020-01-17 16:01:55+10:30,15,209535,3492.25,6790,253.0,60
2020-01-17 16:02:55+10:30,15,200521,3342.016666666667,6621,246.6,60
2020-01-17 16:03:55+10:30,15,-49,-0.8166666666666667,5943,246.7,60
2020-01-17 16:04:55+10:30,15,-49,-0.8166666666666667,5958,247.0,60
2020-01-17 16:05:55+10:30,15,13647,227.45,1883,247.8,60
2020-01-17 16:06:55+10:30,15,60129,1002.15,1353,248.8,60
2020-01-17 16:07:55+10:30,15,109451,1824.1833333333327,3093,250.3,60
2020-01-17 13:08:55+10:30,15,-47,-0.7833333333333333,6035,248.3,60
2020-01-17 13:09:55+10:30,15,-47,-0.7833333333333333,6030,247.9,60
2020-01-17 13:10:55+10:30,15,-47,-0.7833333333333333,5981,246.6,60
2020-01-17 13:11:55+10:30,15,1600,26.666666666666668,4730,247.1,60
2020-01-17 13:12:55+10:30,15,36945,615.75,550,248.2,60
2020-01-17 13:13:55+10:30,15,86865,1447.75,2288,250.2,60
2020-01-17 13:14:55+10:30,15,134484,2241.4,4029,251.8,60
2020-01-17 13:15:55+10:30,15,182753,3045.883333333333,5846,253.2,60
2020-01-17 13:16:55+10:30,15,207731,3462.1833333333334,6823,253.3,60
2020-01-17 13:17:55+10:30,15,210102,3501.7,6873,253.1,60
2020-01-17 13:18:55+10:30,15,210262,3504.366666666667,6963,252.9,60
2020-01-17 13:19:55+10:30,15,209443,3490.7166666666667,6911,253.2,60
2020-01-17 13:20:55+10:30,15,216095,3601.583333333333,7016,252.5,60
2020-01-17 13:21:55+10:30,15,218649,3644.15,7028,252.1,60
2020-01-17 13:22:55+10:30,15,218884,3648.0666666666666,7056,252.9,60
2020-01-17 23:54:55+10:30,15,-93,-1.55,5908,244.8,60
2020-01-17 23:55:55+10:30,15,-93,-1.55,5941,244.7,60
2020-01-17 23:56:55+10:30,15,-93,-1.55,5926,244.2,60
2020-01-17 23:57:55+10:30,15,-93,-1.55,5916,244.5,60
2020-01-17 23:58:55+10:30,15,-92,-1.5333333333333334,5925,244.3,60
2020-01-17 23:59:55+10:30,15,-93,-1.55,5915,244.1,60
2020-01-17 02:59:55+10:30,15,-95,-1.5833333333333333,6063,247.5,60
2020-01-17 03:00:55+10:30,15,-95,-1.5833333333333333,6075,247.5,60
2020-01-17 03:01:55+10:30,15,-94,-1.5666666666666669,6040,247.1,60
2020-01-17 03:02:55+10:30,15,-94,-1.5666666666666669,6006,247.3,60
2020-01-17 03:03:55+10:30,15,-95,-1.5833333333333333,6061,247.6,60
2020-01-17 03:04:55+10:30,15,-95,-1.5833333333333333,6091,248.0,60
2020-01-17 03:05:55+10:30,15,-96,-1.6,6100,248.1,60
2020-01-17 03:06:55+10:30,15,-94,-1.5666666666666669,6105,248.0,60
2020-01-17 10:30:55+10:30,15,149928,2498.8,6381,246.9,60
2020-01-17 10:31:55+10:30,15,-47,-0.7833333333333333,5978,247.2,60
2020-01-17 10:32:55+10:30,15,-49,-0.8166666666666667,6070,247.4,60
2020-01-17 10:33:55+10:30,15,21677,361.28333333333336,763,248.6,60
2020-01-17 10:34:55+10:30,15,70152,1169.2,1798,250.4,60
2020-01-17 10:35:55+10:30,15,118998,1983.3,3576,251.8,60
2020-01-17 10:36:55+10:30,15,167244,2787.4,5380,253.3,60
2020-01-17 10:37:55+10:30,15,199746,3329.1,6496,250.8,60
2020-01-17 10:38:55+10:30,15,202467,3374.45,6613,253.8,60
2020-01-17 10:39:55+10:30,15,200858,3347.633333333333,6556,253.8,60
2020-01-17 10:40:55+10:30,15,198031,3300.516666666667,6488,253.7,60
2020-01-17 10:41:55+10:30,15,204420,3407.0,6700,252.0,60
2020-01-17 10:42:55+10:30,15,203185,3386.4166666666665,6651,253.9,60
2020-01-17 10:43:55+10:30,15,200454,3340.9,6646,251.5,60
2020-01-17 10:44:55+10:30,15,193159,3219.3166666666666,6286,253.9,60
2020-01-17 10:45:55+10:30,15,85515,1425.25,6795,246.8,60
2020-01-17 10:46:55+10:30,15,-49,-0.8166666666666667,5943,245.0,60
2020-01-17 10:47:55+10:30,15,2434,40.56666666666667,4655,247.8,60
2020-01-17 10:48:55+10:30,15,37023,617.05,651,246.6,60
2020-01-17 10:49:55+10:30,15,87641,1460.6833333333334,2438,251.4,60
2020-01-17 10:50:55+10:30,15,135573,2259.55,4218,252.6,60
2020-01-17 23:30:55+10:30,15,-93,-1.55,5871,243.3,60
2020-01-17 22:24:55+10:30,15,-94,-1.5666666666666669,6030,246.8,60
2020-01-17 22:25:55+10:30,15,-93,-1.55,6031,247.0,60
2020-01-17 22:26:55+10:30,15,-94,-1.5666666666666669,6036,246.5,60
2020-01-17 22:27:55+10:30,15,-93,-1.55,6003,246.7,60
2020-01-17 22:28:55+10:30,15,-92,-1.5333333333333334,6033,247.0,60
2020-01-17 22:29:55+10:30,15,-93,-1.55,5963,245.4,60
2020-01-17 03:52:55+10:30,15,-94,-1.5666666666666669,6115,249.1,60
2020-01-17 03:53:55+10:30,15,-95,-1.5833333333333333,6156,249.0,60
2020-01-17 03:54:55+10:30,15,-94,-1.5666666666666669,6183,249.8,60
2020-01-17 03:55:55+10:30,15,-94,-1.5666666666666669,6208,250.0,60
2020-01-17 03:56:55+10:30,15,-94,-1.5666666666666669,6206,250.0,60
2020-01-17 03:57:55+10:30,15,-95,-1.5833333333333333,6185,248.5,60
2020-01-17 03:58:55+10:30,15,-94,-1.5666666666666669,6120,248.6,60
2020-01-17 03:59:55+10:30,15,-94,-1.5666666666666669,6133,248.9,60
2020-01-17 04:00:55+10:30,15,-95,-1.5833333333333333,6126,248.9,60
2020-01-17 04:01:55+10:30,15,-94,-1.5666666666666669,6135,248.3,60
2020-01-17 04:02:55+10:30,15,-94,-1.5666666666666669,6111,249.0,60
2020-01-17 04:03:55+10:30,15,-94,-1.5666666666666669,6145,248.9,60
2020-01-17 04:04:55+10:30,15,-95,-1.5833333333333333,6141,248.7,60
2020-01-17 04:05:55+10:30,15,-93,-1.55,6110,248.5,60
2020-01-17 04:06:55+10:30,15,-94,-1.5666666666666669,6138,248.8,60
2020-01-17 10:51:55+10:30,15,184216,3070.266666666667,6020,252.6,60
2020-01-17 10:52:55+10:30,15,210964,3516.0666666666666,6936,252.8,60
2020-01-17 23:31:55+10:30,15,-93,-1.55,5855,243.3,60
2020-01-17 23:33:55+10:30,15,-92,-1.5333333333333334,5871,243.3,60
2020-01-17 23:34:55+10:30,15,-93,-1.55,5858,243.3,60
2020-01-17 23:35:55+10:30,15,-92,-1.5333333333333334,5858,243.2,60
2020-01-17 23:36:55+10:30,15,-91,-1.5166666666666666,5840,243.4,60
2020-01-17 23:37:55+10:30,15,-92,-1.5333333333333334,5871,243.4,60
2020-01-17 23:38:55+10:30,15,-93,-1.55,5866,242.6,60
2020-01-17 23:39:55+10:30,15,-92,-1.5333333333333334,5835,241.8,60
2020-01-17 23:40:55+10:30,15,-92,-1.5333333333333334,5826,242.5,60
2020-01-17 23:41:55+10:30,15,-93,-1.55,5833,242.8,60
2020-01-17 23:42:55+10:30,15,-90,-1.5,5821,242.3,60
2020-01-17 23:43:55+10:30,15,-92,-1.5333333333333334,5828,242.5,60
2020-01-17 23:45:55+10:30,15,-92,-1.5333333333333334,5803,242.4,60
2020-01-17 23:46:55+10:30,15,-93,-1.55,5828,242.5,60
2020-01-17 23:47:55+10:30,15,-93,-1.55,5835,242.7,60
2020-01-17 23:48:55+10:30,15,-92,-1.5333333333333334,5836,242.6,60
2020-01-17 23:49:55+10:30,15,-92,-1.5333333333333334,5833,242.7,60
2020-01-17 23:50:55+10:30,15,-93,-1.55,5835,242.6,60
2020-01-17 23:51:55+10:30,15,-93,-1.55,5816,242.4,60
2020-01-17 23:52:55+10:30,15,-92,-1.5333333333333334,5816,242.7,60
2020-01-17 23:53:55+10:30,15,-93,-1.55,5885,244.1,60
2020-01-17 17:53:55+10:30,15,132756,2212.6,3970,249.5,60
2020-01-17 17:55:55+10:30,15,130540,2175.6666666666665,3723,247.6,60
2020-01-17 17:57:55+10:30,15,127632,2127.2,3628,246.6,60
2020-01-17 17:58:55+10:30,15,126587,2109.7833333333333,3545,245.9,60
2020-01-17 17:59:55+10:30,15,125759,2095.983333333333,3513,247.3,60
2020-01-17 18:00:55+10:30,15,124847,2080.7833333333333,3504,246.5,60
2020-01-17 18:01:55+10:30,15,124201,2070.016666666667,3526,247.7,60
2020-01-17 18:02:55+10:30,15,123401,2056.6833333333334,3516,246.7,60
2020-01-17 18:03:55+10:30,15,121917,2031.95,3436,247.1,60
2020-01-17 18:04:55+10:30,15,118437,1973.95,3323,246.3,60
2020-01-17 18:05:55+10:30,15,117819,1963.65,3283,246.5,60
2020-01-17 18:06:55+10:30,15,116780,1946.3333333333333,3276,246.9,60
2020-01-17 18:07:55+10:30,15,115633,1927.2166666666667,3168,246.1,60
2020-01-17 08:30:55+10:30,15,78730,1312.1666666666667,1770,242.8,60
2020-01-17 08:31:55+10:30,15,79894,1331.5666666666666,1830,242.7,60
2020-01-17 08:32:55+10:30,15,81048,1350.8,1826,242.8,60
2020-01-17 08:33:55+10:30,15,82283,1371.3833333333334,1918,243.1,60
2020-01-17 20:30:55+10:30,15,-225,-3.75,816,240.5,60
2020-01-17 20:31:55+10:30,15,-281,-4.683333333333334,1005,242.2,60
2020-01-17 20:32:55+10:30,15,-331,-5.516666666666667,1376,242.2,60
2020-01-17 20:33:55+10:30,15,-377,-6.283333333333333,1861,242.2,60
2020-01-17 20:34:55+10:30,15,-421,-7.016666666666667,2070,242.3,60
2020-01-17 20:35:55+10:30,15,-462,-7.7,1906,241.8,60
2020-01-17 20:36:55+10:30,15,-504,-8.4,2536,241.8,60
2020-01-17 20:37:55+10:30,15,-542,-9.033333333333331,3325,241.7,60
2020-01-17 20:38:55+10:30,15,-576,-9.6,2706,240.2,60
2020-01-17 23:24:55+10:30,15,-94,-1.5666666666666669,5928,244.4,60
2020-01-17 23:25:55+10:30,15,-91,-1.5166666666666666,5921,244.0,60
2020-01-17 23:26:55+10:30,15,-93,-1.55,5910,244.5,60
2020-01-17 23:27:55+10:30,15,-93,-1.55,5913,244.7,60
2020-01-17 23:28:55+10:30,15,-93,-1.55,5886,243.3,60
2020-01-17 23:29:55+10:30,15,-92,-1.5333333333333334,5863,243.5,60
2020-01-17 20:54:55+10:30,15,-82,-1.3666666666666667,5755,240.4,60
2020-01-17 05:52:55+10:30,15,-95,-1.5833333333333333,6175,249.2,60
2020-01-17 05:53:55+10:30,15,-95,-1.5833333333333333,6165,249.2,60
2020-01-17 05:54:55+10:30,15,-94,-1.5666666666666669,6160,249.1,60
2020-01-17 05:55:55+10:30,15,-94,-1.5666666666666669,6125,248.8,60
2020-01-17 05:56:55+10:30,15,-94,-1.5666666666666669,6145,248.7,60
2020-01-17 05:57:55+10:30,15,-94,-1.5666666666666669,6095,248.8,60
2020-01-17 00:37:55+10:30,15,-96,-1.6,6028,246.5,60
2020-01-17 00:38:55+10:30,15,-94,-1.5666666666666669,5981,246.2,60
2020-01-17 00:39:55+10:30,15,-94,-1.5666666666666669,5961,246.2,60
2020-01-17 00:40:55+10:30,15,-95,-1.5833333333333333,6006,246.7,60
2020-01-17 00:41:55+10:30,15,-95,-1.5833333333333333,6026,246.6,60
2020-01-17 00:42:55+10:30,15,-94,-1.5666666666666669,6030,246.7,60
2020-01-17 00:43:55+10:30,15,-95,-1.5833333333333333,6028,246.9,60
2020-01-17 00:44:55+10:30,15,-95,-1.5833333333333333,6033,246.5,60
2020-01-17 00:45:55+10:30,15,-95,-1.5833333333333333,6083,248.1,60
2020-01-17 00:46:55+10:30,15,-96,-1.6,6081,248.1,60
2020-01-17 00:47:55+10:30,15,-95,-1.5833333333333333,6105,248.3,60
2020-01-17 00:48:55+10:30,15,-95,-1.5833333333333333,6111,248.2,60
2020-01-17 00:49:55+10:30,15,-96,-1.6,6116,248.4,60
2020-01-17 00:50:55+10:30,15,-94,-1.5666666666666669,6120,248.6,60
2020-01-17 00:51:55+10:30,15,-95,-1.5833333333333333,6103,248.3,60
2020-01-17 05:58:55+10:30,15,-93,-1.55,6110,248.7,60
2020-01-17 05:59:55+10:30,15,-92,-1.5333333333333334,6128,249.1,60
2020-01-17 06:00:55+10:30,15,-92,-1.5333333333333334,6118,248.9,60
2020-01-17 06:01:55+10:30,15,-90,-1.5,6128,249.0,60
2020-01-17 06:02:55+10:30,15,-91,-1.5166666666666666,6155,248.9,60
2020-01-17 06:03:55+10:30,15,-89,-1.4833333333333334,6145,248.8,60
2020-01-17 06:04:55+10:30,15,-87,-1.45,6140,248.7,60
2020-01-17 06:05:55+10:30,15,-86,-1.4333333333333331,6118,245.5,60
2020-01-17 06:06:55+10:30,15,-82,-1.3666666666666667,6105,248.0,60
2020-01-17 12:30:55+10:30,15,232634,3877.233333333333,7553,251.4,60
2020-01-17 12:31:55+10:30,15,233869,3897.8166666666666,7526,251.1,60
2020-01-17 12:32:55+10:30,15,236128,3935.466666666666,7730,251.2,60
2020-01-17 12:33:55+10:30,15,233216,3886.933333333333,7553,250.7,60
2020-01-17 12:34:55+10:30,15,230822,3847.033333333333,7516,251.4,60
2020-01-17 12:35:55+10:30,15,228145,3802.4166666666665,7490,251.9,60
2020-01-17 12:36:55+10:30,15,225393,3756.55,7455,251.9,60
2020-01-17 12:37:55+10:30,15,224946,3749.1,7440,252.0,60
2020-01-17 08:34:55+10:30,15,83393,1389.8833333333334,1995,243.3,60
2020-01-17 08:35:55+10:30,15,84458,1407.6333333333334,2014,243.2,60
2020-01-17 08:36:55+10:30,15,85774,1429.5666666666666,2086,243.2,60
2020-01-17 08:37:55+10:30,15,86889,1448.15,2106,243.3,60
2020-01-17 20:55:55+10:30,15,-92,-1.5333333333333334,5705,238.0,60
2020-01-17 20:56:55+10:30,15,-92,-1.5333333333333334,5715,241.0,60
2020-01-17 20:57:55+10:30,15,-90,-1.5,5655,238.0,60
2020-01-17 20:58:55+10:30,15,-90,-1.5,5641,240.1,60
2020-01-17 20:59:55+10:30,15,-91,-1.5166666666666666,5705,240.4,60
2020-01-17 21:00:55+10:30,15,-91,-1.5166666666666666,5693,240.1,60
2020-01-17 21:01:55+10:30,15,-90,-1.5,5678,239.9,60
2020-01-17 21:02:55+10:30,15,-90,-1.5,5703,240.0,60
2020-01-17 21:03:55+10:30,15,-91,-1.5166666666666666,5708,240.3,60
2020-01-17 21:04:55+10:30,15,-92,-1.5333333333333334,5705,242.8,60
2020-01-17 21:05:55+10:30,15,-94,-1.5666666666666669,5828,242.8,60
2020-01-17 21:06:55+10:30,15,-90,-1.5,5821,242.6,60
2020-01-17 21:07:55+10:30,15,-91,-1.5166666666666666,5833,243.2,60
2020-01-17 21:08:55+10:30,15,-92,-1.5333333333333334,5848,242.9,60
2020-01-17 22:30:55+10:30,15,-92,-1.5333333333333334,5961,245.3,60
2020-01-17 22:31:55+10:30,15,-92,-1.5333333333333334,5951,245.2,60
2020-01-17 22:32:55+10:30,15,-93,-1.55,5930,242.5,60
2020-01-17 22:33:55+10:30,15,-93,-1.55,5901,245.3,60
2020-01-17 22:34:55+10:30,15,-93,-1.55,5951,245.6,60
2020-01-17 22:35:55+10:30,15,-93,-1.55,5973,245.5,60
2020-01-17 22:36:55+10:30,15,-93,-1.55,5973,245.8,60
2020-01-17 22:37:55+10:30,15,-93,-1.55,5991,246.0,60
2020-01-17 16:23:55+10:30,15,150270,2504.5,4605,251.8,60
2020-01-17 16:24:55+10:30,15,194431,3240.516666666667,6265,252.5,60
2020-01-17 16:25:55+10:30,15,203558,3392.633333333333,6611,253.0,60
2020-01-17 16:26:55+10:30,15,203448,3390.8,6536,250.8,60
2020-01-17 16:27:55+10:30,15,203174,3386.233333333333,6468,251.5,60
2020-01-17 16:28:55+10:30,15,202206,3370.1,6423,251.8,60
2020-01-17 16:29:55+10:30,15,201316,3355.266666666667,6413,251.7,60
2020-01-17 13:53:55+10:30,15,-49,-0.8166666666666667,5998,247.4,60
2020-01-17 13:54:55+10:30,15,-48,-0.8,5975,247.2,60
2020-01-17 13:56:55+10:30,15,60342,1005.7,1456,250.0,60
2020-01-17 13:58:55+10:30,15,158527,2642.116666666667,5081,254.1,60
2020-01-17 13:59:55+10:30,15,191648,3194.133333333333,6326,254.3,60
2020-01-17 14:00:55+10:30,15,195036,3250.6,6415,254.0,60
2020-01-17 14:01:55+10:30,15,197635,3293.9166666666665,6496,253.9,60
2020-01-17 14:02:55+10:30,15,204736,3412.266666666667,6681,252.5,60
2020-01-17 14:03:55+10:30,15,214938,3582.3,7008,252.8,60
2020-01-17 14:04:55+10:30,15,212937,3548.95,6996,252.7,60
2020-01-17 14:05:55+10:30,15,213463,3557.7166666666667,7005,252.8,60
2020-01-17 14:06:55+10:30,15,33187,553.1166666666667,6098,243.3,60
2020-01-17 14:07:55+10:30,15,-48,-0.8,5926,246.0,60
2020-01-17 14:08:55+10:30,15,7106,118.43333333333334,2886,246.6,60
2020-01-17 14:09:55+10:30,15,51271,854.5166666666667,1021,248.5,60
2020-01-17 14:10:55+10:30,15,99555,1659.25,2741,250.1,60
2020-01-17 14:11:55+10:30,15,149864,2497.733333333333,4558,250.9,60
2020-01-17 14:12:55+10:30,15,197697,3294.95,6315,252.4,60
2020-01-17 14:13:55+10:30,15,220379,3672.983333333333,7156,252.1,60
2020-01-17 14:14:55+10:30,15,219721,3662.016666666667,7176,252.2,60
2020-01-17 14:15:55+10:30,15,222001,3700.016666666667,7178,252.0,60
2020-01-17 14:16:55+10:30,15,210717,3511.95,6878,253.4,60
2020-01-17 14:17:55+10:30,15,202581,3376.35,6575,253.5,60
2020-01-17 14:18:55+10:30,15,203977,3399.616666666667,6678,253.2,60
2020-01-17 14:19:55+10:30,15,208460,3474.333333333333,6800,252.7,60
2020-01-17 14:20:55+10:30,15,215778,3596.3,7000,252.6,60
2020-01-17 14:21:55+10:30,15,168788,2813.133333333333,6700,245.5,60
2020-01-17 14:22:55+10:30,15,-49,-0.8166666666666667,5888,245.5,60
2020-01-17 17:38:55+10:30,15,146584,2443.0666666666666,4531,250.4,60
2020-01-17 17:39:55+10:30,15,145861,2431.016666666667,4486,250.8,60
2020-01-17 17:40:55+10:30,15,145080,2418.0,4431,250.5,60
2020-01-17 17:41:55+10:30,15,143856,2397.6,4373,250.1,60
2020-01-17 17:42:55+10:30,15,142817,2380.2833333333333,4266,249.9,60
2020-01-17 17:43:55+10:30,15,141655,2360.9166666666665,4263,250.1,60
2020-01-17 17:44:55+10:30,15,140717,2345.2833333333333,4226,250.1,60
2020-01-17 17:45:55+10:30,15,140135,2335.583333333333,4200,250.2,60
2020-01-17 17:46:55+10:30,15,139363,2322.7166666666667,4168,250.2,60
2020-01-17 17:47:55+10:30,15,138201,2303.35,4175,250.6,60
2020-01-17 17:48:55+10:30,15,137494,2291.5666666666666,4160,250.3,60
2020-01-17 17:49:55+10:30,15,137191,2286.516666666667,4091,250.2,60
2020-01-17 17:50:55+10:30,15,136222,2270.366666666667,4091,250.2,60
2020-01-17 17:51:55+10:30,15,135061,2251.016666666667,4079,249.7,60
2020-01-17 17:52:55+10:30,15,134004,2233.4,3985,250.0,60
2020-01-17 02:37:55+10:30,15,-95,-1.5833333333333333,6110,248.6,60
2020-01-17 02:38:55+10:30,15,-96,-1.6,6118,248.8,60
2020-01-17 02:39:55+10:30,15,-96,-1.6,6141,248.8,60
2020-01-17 02:40:55+10:30,15,-96,-1.6,6123,248.7,60
2020-01-17 02:41:55+10:30,15,-95,-1.5833333333333333,6123,248.3,60
2020-01-17 02:42:55+10:30,15,-95,-1.5833333333333333,6101,248.3,60
2020-01-17 02:43:55+10:30,15,-95,-1.5833333333333333,6103,248.6,60
2020-01-17 02:44:55+10:30,15,-95,-1.5833333333333333,6140,241.3,60
2020-01-17 02:45:55+10:30,15,-96,-1.6,6115,248.9,60
2020-01-17 02:46:55+10:30,15,-95,-1.5833333333333333,6153,249.4,60
2020-01-17 02:47:55+10:30,15,-95,-1.5833333333333333,6161,249.2,60
2020-01-17 02:48:55+10:30,15,-94,-1.5666666666666669,6141,249.1,60
2020-01-17 02:49:55+10:30,15,-95,-1.5833333333333333,6151,249.2,60
2020-01-17 02:50:55+10:30,15,-95,-1.5833333333333333,6156,248.8,60
2020-01-17 02:51:55+10:30,15,-96,-1.6,6125,247.3,60
2020-01-17 05:22:55+10:30,15,-94,-1.5666666666666669,6116,248.3,60
2020-01-17 05:23:55+10:30,15,-94,-1.5666666666666669,6125,248.2,60
2020-01-17 05:24:55+10:30,15,-93,-1.55,6085,247.8,60
2020-01-17 05:25:55+10:30,15,-94,-1.5666666666666669,6103,248.4,60
2020-01-17 05:27:55+10:30,15,-94,-1.5666666666666669,6131,248.8,60
2020-01-17 05:28:55+10:30,15,-96,-1.6,6155,250.2,60
2020-01-17 05:29:55+10:30,15,-95,-1.5833333333333333,6210,250.1,60
2020-01-17 00:52:55+10:30,15,-95,-1.5833333333333333,6090,248.2,60
2020-01-17 00:53:55+10:30,15,-94,-1.5666666666666669,6101,248.4,60
2020-01-17 00:07:55+10:30,15,-94,-1.5666666666666669,5901,243.6,60
2020-01-17 00:54:55+10:30,15,-95,-1.5833333333333333,6125,248.6,60
2020-01-17 00:08:55+10:30,15,-94,-1.5666666666666669,5898,243.9,60
2020-01-17 00:55:55+10:30,15,-96,-1.6,6101,248.6,60
2020-01-17 00:09:55+10:30,15,-93,-1.55,5896,243.8,60
2020-01-17 00:10:55+10:30,15,-94,-1.5666666666666669,5900,244.0,60
2020-01-17 00:56:55+10:30,15,-94,-1.5666666666666669,6123,248.4,60
2020-01-17 00:11:55+10:30,15,-94,-1.5666666666666669,5893,243.8,60
2020-01-17 00:57:55+10:30,15,-95,-1.5833333333333333,6113,248.6,60
2020-01-17 00:12:55+10:30,15,-94,-1.5666666666666669,5865,243.8,60
2020-01-17 00:58:55+10:30,15,-95,-1.5833333333333333,6146,249.0,60
2020-01-17 00:13:55+10:30,15,-93,-1.55,5888,243.8,60
2020-01-17 00:59:55+10:30,15,-95,-1.5833333333333333,6150,248.8,60
2020-01-17 00:14:55+10:30,15,-95,-1.5833333333333333,5888,243.8,60
2020-01-17 00:15:55+10:30,15,-93,-1.55,5851,241.0,60
2020-01-17 01:00:55+10:30,15,-95,-1.5833333333333333,6145,248.9,60
2020-01-17 01:01:55+10:30,15,-95,-1.5833333333333333,6136,248.8,60
2020-01-17 00:16:55+10:30,15,-93,-1.55,5868,243.3,60
2020-01-17 01:02:55+10:30,15,-94,-1.5666666666666669,6146,249.0,60
2020-01-17 00:17:55+10:30,15,-94,-1.5666666666666669,5881,243.8,60
2020-01-17 00:18:55+10:30,15,-94,-1.5666666666666669,5890,243.9,60
2020-01-17 01:03:55+10:30,15,-94,-1.5666666666666669,6090,248.8,60
2020-01-17 00:19:55+10:30,15,-94,-1.5666666666666669,5903,243.9,60
2020-01-17 01:04:55+10:30,15,-96,-1.6,6103,248.1,60
2020-01-17 01:05:55+10:30,15,-95,-1.5833333333333333,6101,248.2,60
2020-01-17 00:20:55+10:30,15,-94,-1.5666666666666669,5868,241.3,60
2020-01-17 01:06:55+10:30,15,-94,-1.5666666666666669,6101,248.1,60
2020-01-17 00:21:55+10:30,15,-93,-1.55,5895,244.1,60
2020-01-17 00:00:55+10:30,15,-94,-1.5666666666666669,5925,244.7,60
2020-01-17 00:01:55+10:30,15,-94,-1.5666666666666669,5885,244.4,60
2020-01-17 00:02:55+10:30,15,-93,-1.55,5895,244.3,60
2020-01-17 00:03:55+10:30,15,-93,-1.55,5891,244.2,60
2020-01-17 00:04:55+10:30,15,-94,-1.5666666666666669,5898,245.0,60
2020-01-17 00:05:55+10:30,15,-96,-1.6,5915,244.4,60
2020-01-17 00:06:55+10:30,15,-93,-1.55,5905,244.1,60
2020-01-17 22:38:55+10:30,15,-94,-1.5666666666666669,5993,245.6,60
2020-01-17 22:09:55+10:30,15,-94,-1.5666666666666669,6023,246.6,60
2020-01-17 22:10:55+10:30,15,-93,-1.55,6031,246.6,60
2020-01-17 22:11:55+10:30,15,-93,-1.55,6031,246.7,60
2020-01-17 22:12:55+10:30,15,-93,-1.55,6025,246.7,60
2020-01-17 22:13:55+10:30,15,-93,-1.55,6001,246.6,60
2020-01-17 22:14:55+10:30,15,-94,-1.5666666666666669,6038,246.8,60
2020-01-17 22:15:55+10:30,15,-92,-1.5333333333333334,6035,246.7,60
2020-01-17 22:16:55+10:30,15,-93,-1.55,6040,246.9,60
2020-01-17 22:17:55+10:30,15,-94,-1.5666666666666669,6048,246.8,60
2020-01-17 22:18:55+10:30,15,-93,-1.55,6041,246.9,60
2020-01-17 22:19:55+10:30,15,-93,-1.55,6036,247.3,60
2020-01-17 22:20:55+10:30,15,-94,-1.5666666666666669,6048,247.1,60
2020-01-17 22:21:55+10:30,15,-93,-1.55,6033,246.7,60
2020-01-17 22:22:55+10:30,15,-91,-1.5166666666666666,6040,247.1,60
2020-01-17 22:23:55+10:30,15,-94,-1.5666666666666669,6021,246.8,60
2020-01-17 14:23:55+10:30,15,-47,-0.7833333333333333,5880,242.7,60
2020-01-17 14:24:55+10:30,15,21040,350.6666666666667,833,246.5,60
2020-01-17 14:25:55+10:30,15,69337,1155.6166666666666,1620,248.9,60
2020-01-17 14:26:55+10:30,15,117248,1954.1333333333328,3356,250.2,60
2020-01-17 14:27:55+10:30,15,166894,2781.5666666666666,5163,252.0,60
2020-01-17 14:28:55+10:30,15,203805,3396.75,6633,253.3,60
2020-01-17 14:29:55+10:30,15,203847,3397.45,6711,253.4,60
2020-01-17 18:31:55+10:30,15,66599,1109.9833333333331,1521,243.9,60
2020-01-17 18:32:55+10:30,15,64854,1080.9,1476,246.8,60
2020-01-17 18:33:55+10:30,15,62473,1041.2166666666667,1256,243.2,60
2020-01-17 18:34:55+10:30,15,59726,995.4333333333332,1286,245.1,60
2020-01-17 18:35:55+10:30,15,59689,994.8166666666668,1263,245.8,60
2020-01-17 18:36:55+10:30,15,52247,870.7833333333333,936,243.1,60
2020-01-17 18:37:55+10:30,15,54952,915.8666666666668,1076,245.2,60
2020-01-17 15:30:55+10:30,15,211864,3531.0666666666666,6798,252.3,60
2020-01-17 15:31:55+10:30,15,216430,3607.1666666666665,6923,252.7,60
2020-01-17 15:32:55+10:30,15,216422,3607.033333333333,7068,252.7,60
2020-01-17 15:33:55+10:30,15,215054,3584.233333333333,6888,252.6,60
2020-01-17 15:34:55+10:30,15,62420,1040.3333333333333,6208,245.4,60
2020-01-17 15:35:55+10:30,15,-52,-0.8666666666666667,5888,245.6,60
2020-01-17 15:36:55+10:30,15,4514,75.23333333333333,3629,245.8,60
2020-01-17 15:37:55+10:30,15,44589,743.15,715,247.3,60
2020-01-17 11:23:55+10:30,15,226440,3774.0,7301,252.0,60
2020-01-17 11:24:55+10:30,15,222508,3708.466666666666,7425,252.3,60
2020-01-17 11:25:55+10:30,15,221265,3687.75,7409,252.1,60
2020-01-17 11:26:55+10:30,15,221148,3685.8,7576,252.3,60
2020-01-17 11:27:55+10:30,15,217097,3618.283333333333,7043,252.6,60
2020-01-17 11:28:55+10:30,15,218140,3635.6666666666665,7233,252.7,60
2020-01-17 11:29:55+10:30,15,216332,3605.533333333333,7043,252.2,60
2020-01-17 03:22:55+10:30,15,-96,-1.6,6136,249.3,60
2020-01-17 03:23:55+10:30,15,-95,-1.5833333333333333,6141,249.2,60
2020-01-17 03:24:55+10:30,15,-95,-1.5833333333333333,6145,249.4,60
2020-01-17 03:25:55+10:30,15,-95,-1.5833333333333333,6158,249.5,60
2020-01-17 03:26:55+10:30,15,-95,-1.5833333333333333,6115,249.3,60
2020-01-17 03:27:55+10:30,15,-95,-1.5833333333333333,6151,249.5,60
2020-01-17 03:28:55+10:30,15,-95,-1.5833333333333333,6171,249.7,60
2020-01-17 03:29:55+10:30,15,-95,-1.5833333333333333,6166,249.6,60
2020-01-17 03:07:55+10:30,15,-96,-1.6,6093,247.8,60
2020-01-17 03:08:55+10:30,15,-95,-1.5833333333333333,6101,248.2,60
2020-01-17 03:09:55+10:30,15,-94,-1.5666666666666669,6110,248.2,60
2020-01-17 03:10:55+10:30,15,-96,-1.6,6086,248.0,60
2020-01-17 03:11:55+10:30,15,-95,-1.5833333333333333,6100,248.2,60
2020-01-17 03:12:55+10:30,15,-95,-1.5833333333333333,6106,248.1,60
2020-01-17 03:13:55+10:30,15,-95,-1.5833333333333333,6108,248.1,60
2020-01-17 03:14:55+10:30,15,-94,-1.5666666666666669,6113,249.5,60
2020-01-17 03:15:55+10:30,15,-94,-1.5666666666666669,6158,249.5,60
2020-01-17 03:16:55+10:30,15,-95,-1.5833333333333333,6136,249.2,60
2020-01-17 03:17:55+10:30,15,-94,-1.5666666666666669,6161,249.8,60
2020-01-17 03:18:55+10:30,15,-96,-1.6,6158,246.7,60
2020-01-17 03:19:55+10:30,15,-95,-1.5833333333333333,6163,249.0,60
2020-01-17 03:20:55+10:30,15,-95,-1.5833333333333333,6135,249.0,60
2020-01-17 03:21:55+10:30,15,-94,-1.5666666666666669,6111,249.2,60
2020-01-17 21:54:55+10:30,15,-91,-1.5166666666666666,5690,240.2,60
2020-01-17 21:55:55+10:30,15,-92,-1.5333333333333334,5696,240.1,60
2020-01-17 21:56:55+10:30,15,-92,-1.5333333333333334,5686,239.8,60
2020-01-17 21:57:55+10:30,15,-92,-1.5333333333333334,5685,239.7,60
2020-01-17 21:58:55+10:30,15,-92,-1.5333333333333334,5693,240.1,60
2020-01-17 21:59:55+10:30,15,-92,-1.5333333333333334,5706,240.1,60
2020-01-17 22:00:55+10:30,15,-92,-1.5333333333333334,5708,240.1,60
2020-01-17 22:01:55+10:30,15,-93,-1.55,5761,242.0,60
2020-01-17 22:02:55+10:30,15,-92,-1.5333333333333334,5793,241.9,60
2020-01-17 22:03:55+10:30,15,-92,-1.5333333333333334,5798,241.8,60
2020-01-17 22:04:55+10:30,15,-93,-1.55,5776,242.2,60
2020-01-17 22:05:55+10:30,15,-94,-1.5666666666666669,5961,246.6,60
2020-01-17 22:06:55+10:30,15,-92,-1.5333333333333334,6020,246.5,60
2020-01-17 22:07:55+10:30,15,-93,-1.55,6005,246.4,60
2020-01-17 22:08:55+10:30,15,-93,-1.55,6005,246.3,60
2020-01-17 01:52:55+10:30,15,-95,-1.5833333333333333,6131,248.7,60
2020-01-17 01:53:55+10:30,15,-96,-1.6,6130,248.9,60
2020-01-17 01:54:55+10:30,15,-95,-1.5833333333333333,6138,249.4,60
2020-01-17 01:55:55+10:30,15,-95,-1.5833333333333333,6165,248.4,60
2020-01-17 01:56:55+10:30,15,-95,-1.5833333333333333,6118,248.0,60
2020-01-17 01:57:55+10:30,15,-95,-1.5833333333333333,6106,248.3,60
2020-01-17 01:58:55+10:30,15,-95,-1.5833333333333333,6091,248.2,60
2020-01-17 01:59:55+10:30,15,-95,-1.5833333333333333,6098,248.1,60
2020-01-17 02:00:55+10:30,15,-95,-1.5833333333333333,6045,246.7,60
2020-01-17 02:01:55+10:30,15,-94,-1.5666666666666669,6005,246.7,60
2020-01-17 02:02:55+10:30,15,-95,-1.5833333333333333,6013,244.2,60
2020-01-17 02:03:55+10:30,15,-96,-1.6,6050,247.4,60
2020-01-17 10:53:55+10:30,15,211797,3529.95,6898,252.8,60
2020-01-17 10:54:55+10:30,15,212200,3536.6666666666665,6781,252.4,60
2020-01-17 10:55:55+10:30,15,213060,3551.0,6978,252.6,60
2020-01-17 10:56:55+10:30,15,213407,3556.7833333333333,7150,252.8,60
2020-01-17 10:57:55+10:30,15,213468,3557.8,6851,251.8,60
2020-01-17 10:58:55+10:30,15,215194,3586.5666666666666,6988,252.1,60
2020-01-17 10:59:55+10:30,15,207280,3454.6666666666665,6778,251.2,60
2020-01-17 11:00:55+10:30,15,202143,3369.05,6580,253.6,60
2020-01-17 11:01:55+10:30,15,200852,3347.5333333333333,6575,250.8,60
2020-01-17 11:02:55+10:30,15,100799,1679.9833333333331,6405,247.3,60
2020-01-17 11:03:55+10:30,15,-47,-0.7833333333333333,5991,247.6,60
2020-01-17 11:04:55+10:30,15,1851,30.85,5075,248.6,60
2020-01-17 11:05:55+10:30,15,34111,568.5166666666667,578,250.6,60
2020-01-17 11:06:55+10:30,15,84303,1405.05,2348,251.9,60
2020-01-17 11:07:55+10:30,15,133154,2219.233333333333,4028,251.4,60
